지역,업종,항목,계수,표준오차,p,일수,변화율,기준일매출(억),업종비중,R2,하한,상한,q,기간영향(억)
강원 춘천시,전체 상권,t_30~33,0.003366708840084609,0.01330367821579139,0.8002171998030676,25,0.003372382569770016,85.4731303018421,1.0,0.9034100910355718,-0.022452603141046246,0.02987961641413661,,7.206202370340343
강원 춘천시,전체 상권,t_33~35,0.02119642170162006,0.019188134596146447,0.26930565563527054,19,0.021422661512064733,85.4731303018421,1.0,0.9034100910355718,-0.016278373750695962,0.06056858526965625,,34.790176837826365
강원 춘천시,전체 상권,t_35+,0.03565769480510017,0.019900867547914078,0.07317048171653627,11,0.036301054536375554,85.4731303018421,1.0,0.9034100910355718,-0.003342407267579728,0.07752139096132571,,34.130412409300945
강원 춘천시,전체 상권,r_0.1~10,-0.020268481512952574,0.010024172806841784,0.0431804321788556,37,-0.020064456591710966,85.4731303018421,1.0,0.9034100910355718,-0.03912971682917221,-0.0006209099671189433,,-63.45396076986175
강원 춘천시,전체 상권,r_10~30,-0.1267002658388452,0.031177240999068573,4.8265638476948814e-05,9,-0.11900230186752692,85.4731303018421,1.0,0.9034100910355718,-0.17122590019211792,-0.06348793441465295,,-91.54349328368048
강원 춘천시,전체 상권,r_30+,-0.07907973127330603,0.015402176764121856,2.8316330571983827e-07,17,-0.0760337474976569,85.4731303018421,1.0,0.9034100910355718,-0.1035098720189983,-0.04771551953853137,,-110.48032092247801
강원 춘천시,전체 상권,r30_lag1,-0.006697560298952743,0.019354031413325472,0.729301343988628,18,-0.0066751816306726,85.4731303018421,1.0,0.9034100910355718,-0.04365013171183785,0.031729315291913585,,-10.269876047524955
서울 강남구,전체 상권,t_30~33,-0.07679532255757593,0.03835055999313305,0.045235672715596205,18,-0.07392061823089391,561.6285956565822,1.0,0.8922024448148039,-0.14097943799652202,-0.001626900131899922,,-747.2867941274992
서울 강남구,전체 상권,t_33~35,-0.07775743288904813,0.04663035991271053,0.09540945267840743,25,-0.07481118029368039,561.6285956565822,1.0,0.8922024448148039,-0.15562024450906975,0.01373149527004136,,-1050.4024531937773
서울 강남구,전체 상권,t_35+,-0.07451988689013372,0.057226215687265825,0.1928485697157557,18,-0.07181098491752813,561.6285956565822,1.0,0.8922024448148039,-0.17029351199051557,0.03836098689145229,,-725.959847015052
서울 강남구,전체 상권,r_0.1~10,-0.029234420294603547,0.011585877094071039,0.0116265546634141,34,-0.028811228578200176,561.6285956565822,1.0,0.8922024448148039,-0.050616772459283754,-0.006504852440808895,,-550.1611347475219
서울 강남구,전체 상권,r_10~30,-0.024578488906745688,0.020272073062026344,0.22534745747900853,12,-0.02427889736977451,561.6285956565822,1.0,0.8922024448148039,-0.06228737992816202,0.01527019018364939,,-163.62867640652095
서울 강남구,전체 상권,r_30+,-0.15096859954704644,0.09960967584728617,0.12962008298830982,11,-0.14012530130968115,561.6285956565822,1.0,0.8922024448148039,-0.2926315224543,0.0452607388063857,,-865.6821380956284
서울 강남구,전체 상권,r30_lag1,-0.011011583330647445,0.04069993922372155,0.7867330969884931,11,-0.010951177770518017,561.6285956565822,1.0,0.8922024448148039,-0.0867845666824194,0.07117941404012584,,-67.65544051245776
강원 춘천시,LPG가스,t_30~33,0.009966260776249403,0.017540966446460124,0.5699191579055252,25,0.010016089350462831,1.2094961510526316,0.014342406161998415,0.7787781481708289,-0.02411842152358168,0.04534456151889854,0.9272643559326024,0.3028605379496012
강원 춘천시,LPG가스,t_33~35,0.027730995569025474,0.024908442752558897,0.26557225934896445,19,0.02811907863128016,1.2094961510526316,0.014342406161998415,0.7787781481708289,-0.020868722742193646,0.0795578329455362,0.8206987628594762,0.6461884301379135
강원 춘천시,LPG가스,t_35+,0.026759054408065808,0.026815940607772624,0.31833820964485515,11,0.027120292839528437,1.2094961510526316,0.014342406161998415,0.7787781481708289,-0.025470208249979254,0.08254884036769727,0.7750843365266039,0.3608207878531288
강원 춘천시,LPG가스,r_0.1~10,-0.002282074488212049,0.01777747372742779,0.8978570532336629,37,-0.002279472535886562,1.2094961510526316,0.014342406161998415,0.7787781481708289,-0.03644520599513468,0.03309770976889803,0.9314026496183438,-0.1020094905676442
강원 춘천시,LPG가스,r_10~30,-0.08607378181905379,0.041062208102435056,0.03606622115630089,9,-0.08247346805386324,1.2094961510526316,0.014342406161998415,0.7787781481708289,-0.15342434685380568,-0.005576248624142743,0.12623177404705313,-0.8977620795759879
강원 춘천시,LPG가스,r_30+,-0.051054744850136835,0.01837306137620976,0.005456301429896446,17,-0.049773350907013625,1.2094961510526316,0.014342406161998415,0.7787781481708289,-0.08338335277997477,-0.014930955721835892,0.021825205719585784,-1.0234114978994249
강원 춘천시,LPG가스,r30_lag1,-0.008636488198086711,0.01028882911335822,0.40124242816781197,18,-0.00859930086687577,1.2094961510526316,0.014342406161998415,0.7787781481708289,-0.028391752447209595,0.011596339077231566,0.849754625148914,-0.18721478340413644
강원 춘천시,가구,t_30~33,0.22574633812326161,0.3353794386272045,0.5008790495635104,25,0.25325772124914336,0.21381633407894737,0.002397397975973933,0.33956755426147445,-0.35052917404988204,1.4183609996228346,0.9272643559326024,1.3537659383669942
강원 춘천시,가구,t_33~35,0.2506558218230879,0.467670898206201,0.5919818696956844,19,0.28486778476889807,0.21381633407894737,0.002397397975973933,0.33956755426147445,-0.48622977094691366,2.21327537288338,0.9208606861932869,1.1572783232930512
강원 춘천시,가구,t_35+,0.531936850552988,0.7981624361312475,0.5051223157074469,11,0.7022260753372493,0.21381633407894737,0.002397397975973933,0.33956755426147445,-0.6438707400429524,7.136297511492115,0.8818153362136596,1.651621456355831
강원 춘천시,가구,r_0.1~10,-0.039078773291503596,0.23794113565022254,0.8695444589948684,37,-0.038325048138734163,0.21381633407894737,0.002397397975973933,0.33956755426147445,-0.39676195912506196,0.5330908370699046,0.9314026496183438,-0.30319728796766304
강원 춘천시,가구,r_10~30,-0.8310276162143503,0.35528488329667113,0.019333062969612798,8,-0.5643985748412363,0.21381633407894737,0.002397397975973933,0.33956755426147445,-0.7828975652918975,-0.12599505456737137,0.08328088663833205,-0.9654210738554846
강원 춘천시,가구,r_30+,-0.5666745731995947,0.4362770252614344,0.19398269855369987,17,-0.43259081746011696,0.21381633407894737,0.002397397975973933,0.33956755426147445,-0.7587152584514247,0.33432880323998027,0.3200893433741223,-1.572414706674134
강원 춘천시,가구,r30_lag1,-0.287696926696472,0.2713048206143871,0.28895378724026655,18,-0.25001114060077545,0.21381633407894737,0.002397397975973933,0.33956755426147445,-0.5593279694452342,0.27642157936557643,0.849754625148914,-0.9622163801187736
강원 춘천시,가전,t_30~33,0.1416987211110443,0.15298901536055814,0.3543410503744916,25,0.15222945382874165,0.5546309809210527,0.007380732911219793,0.44925853562825,-0.14628660878219069,0.5551269640700285,0.9104648334728981,2.1107792825527767
강원 춘천시,가전,t_33~35,0.16229603232078915,0.1259349908236403,0.19749243414118822,19,0.1762083854855816,0.5546309809210527,0.007380732911219793,0.44925853562825,-0.08106193214173918,0.5055053376023462,0.8206987628594762,1.8568819640792789
강원 춘천시,가전,t_35+,0.02002341070925251,0.19880181540954994,0.9197723675878885,11,0.02022522394327475,0.5546309809210527,0.007380732911219793,0.44925853562825,-0.3090087703091301,0.5063281020741126,0.9842133385875522,0.1233928937450708
강원 춘천시,가전,r_0.1~10,-0.09773145950820072,0.09214219130592513,0.2888448249558224,37,-0.09310759160961168,0.5546309809210527,0.007380732911219793,0.44925853562825,-0.24295316214586682,0.08639756389100506,0.5577693171560708,-1.910693130028521
강원 춘천시,가전,r_10~30,-0.6155285577672176,0.2544090896480563,0.015544251885462521,9,-0.4596447891281594,0.5546309809210527,0.007380732911219793,0.44925853562825,-0.6718125610078678,-0.11031404854178106,0.07253984213215843,-2.294399162424613
강원 춘천시,가전,r_30+,-0.023767082962323105,0.11295288151731127,0.83334307891091,17,-0.02348687018267248,0.5546309809210527,0.007380732911219793,0.44925853562825,-0.21741656083848615,0.21849996433265728,0.8642076373890918,-0.22145127941907805
강원 춘천시,가전,r30_lag1,-0.08737172135040217,0.1344917718802701,0.5159224509832692,18,-0.08366358949082908,0.5546309809210527,0.007380732911219793,0.44925853562825,-0.29599906467317105,0.19271491711160582,0.849754625148914,-0.8352435367201466
강원 춘천시,게임방/오락실,t_30~33,-0.011418560134553113,0.03088924208770797,0.711634804135381,25,-0.011353615802069061,0.16942405407894737,0.002119854363452881,0.8792381960066522,-0.0694332544478854,0.05035095833746861,0.9272643559326024,-0.048089390441033504
강원 춘천시,게임방/오락실,t_33~35,0.005938672886706797,0.033302964512865255,0.8584695917117448,19,0.005956341763778461,0.16942405407894737,0.002119854363452881,0.8792381960066522,-0.05760911435273486,0.07380936822168493,0.975847335189919,0.0191738038128828
강원 춘천시,게임방/오락실,t_35+,-0.010869951148355206,0.045326758120354575,0.8104751377642733,11,-0.010811086706964734,0.16942405407894737,0.002119854363452881,0.8792381960066522,-0.09490050044344378,0.08109076036530682,0.9842133385875522,-0.020148239527822805
강원 춘천시,게임방/오락실,r_0.1~10,-0.01767120705478642,0.020166154734804192,0.38087759284898215,37,-0.017515986929215965,0.16942405407894737,0.002119854363452881,0.8792381960066522,-0.05559187488030071,0.022095014078080233,0.6180029312491611,-0.10980229211943998
강원 춘천시,게임방/오락실,r_10~30,0.09234795449285538,0.05419542704878156,0.08838471787515485,9,0.09674637352388848,0.16942405407894737,0.002119854363452881,0.8792381960066522,-0.013779267225553893,0.2196586097454305,0.22497928186403054,0.1475204653786799
강원 춘천시,게임방/오락실,r_30+,0.03725838677476512,0.024635432718649316,0.13043462901306718,17,0.037961181634117436,0.16942405407894737,0.002119854363452881,0.8792381960066522,-0.010966486172602985,0.08930931006581755,0.25141731152589086,0.10933613393135076
강원 춘천시,게임방/오락실,r30_lag1,-0.041402468799435654,0.03077053744652477,0.17845636803715192,18,-0.040557093603116656,0.16942405407894737,0.002119854363452881,0.8792381960066522,-0.0967109907169077,0.019087668702943983,0.849754625148914,-0.12368424995818861
강원 춘천시,기타식품,t_30~33,-0.011432960289995187,0.031792826738243934,0.7191401718908345,25,-0.011367852361174213,2.8385658780263157,0.0348388621241492,0.8000733204780627,-0.0710932302527233,0.052197653388694754,0.9272643559326024,-0.8067099454717501
강원 춘천시,기타식품,t_33~35,-0.044691673578547864,0.05131065531678074,0.3837531656014346,19,-0.04370771343870128,2.8385658780263157,0.0348388621241492,0.8000733204780627,-0.1352030660065856,0.057467830180352175,0.8206987628594762,-2.357277255499344
강원 춘천시,기타식품,t_35+,0.026144938095753467,0.05079360194493909,0.6067424308408167,11,0.026489715156827076,2.8385658780263157,0.0348388621241492,0.8000733204780627,-0.07078071298124522,0.13394238587460272,0.9438215590857147,0.8271208171908643
강원 춘천시,기타식품,r_0.1~10,-0.0628307548768452,0.023130293197621065,0.006599934883105071,37,-0.0608976012587612,2.8385658780263157,0.0348388621241492,0.8000733204780627,-0.10252151364686823,-0.017343224676985347,0.08765171869762811,-6.395888560510563
강원 춘천시,기타식품,r_10~30,0.029989310096952604,0.03767629228363918,0.4260477490001122,9,0.03044351855333094,2.8385658780263157,0.0348388621241492,0.8000733204780627,-0.04290844445480679,0.10941721173552965,0.4771734788801257,0.7777433967529164
강원 춘천시,기타식품,r_30+,-0.05291192109382692,0.04709665588177115,0.2612357617319806,17,-0.05153645156474229,2.8385658780263157,0.0348388621241492,0.8000733204780627,-0.13516917275946605,0.040183899989727045,0.3568098209022174,-2.4869234190659677
강원 춘천시,기타식품,r30_lag1,-0.01328568032027544,0.03366784034076998,0.6931304288270534,18,-0.013197815215809316,2.8385658780263157,0.0348388621241492,0.8000733204780627,-0.0762138258592161,0.05411682828070696,0.9662174410228954,-0.6743316228496711
강원 춘천시,기타요식,t_30~33,0.02243644974635517,0.028853581535969963,0.4368068078862831,25,0.02269003988783158,4.6919681725,0.05801699356742766,0.8905364572443112,-0.03354116209787872,0.082192926039234,0.9272643559326024,2.6615236246615313
강원 춘천시,기타요식,t_33~35,0.05505813833848805,0.022661821739892427,0.015117378370805727,19,0.05660204197699992,4.6919681725,0.05801699356742766,0.8905364572443112,0.010697784173887115,0.10459119688531127,0.16931463775302413,5.045924609637259
강원 춘천시,기타요식,t_35+,0.07252814510048156,0.03683374144874703,0.048945272035298956,11,0.07522306792557854,4.6919681725,0.05801699356742766,0.8905364572443112,0.00033406764911014797,0.15571855761771713,0.34261690424709274,3.882386645990821
강원 춘천시,기타요식,r_0.1~10,-0.035151111633336285,0.015139647590604993,0.02024414188186264,37,-0.03454048692993039,4.6919681725,0.05801699356742766,0.8905364572443112,-0.06276836761888915,-0.005462428738782998,0.11336719453843078,-5.996326017501769
강원 춘천시,기타요식,r_10~30,-0.041169290503475064,0.03733810705496753,0.2701974932443295,9,-0.040333346255632785,4.6919681725,0.05801699356742766,0.8905364572443112,-0.10805604610392583,0.03253134043466788,0.3438877186746012,-1.7031849922966598
강원 춘천시,기타요식,r_30+,-0.09876343190493131,0.02916829496012742,0.0007092305914219659,17,-0.0940429968026909,4.6919681725,0.05801699356742766,0.8905364572443112,-0.1443837333945488,-0.040740430405206585,0.005673844731375727,-7.501194713360665
강원 춘천시,기타요식,r30_lag1,-0.027806879723275335,0.0270858262094728,0.3045989314840235,18,-0.027423827154278713,4.6919681725,0.05801699356742766,0.8905364572443112,-0.0777095645273268,0.02560362290047502,0.849754625148914,-2.3160910351683053
강원 춘천시,기타유통,t_30~33,0.02690726192482762,0.10052176984469516,0.7889487506793335,25,0.027272531068692096,0.4684753525,0.004955785532678232,0.6876526101383351,-0.15643254258637684,0.25098336097956087,0.9272643559326024,0.3194127151493183
강원 춘천시,기타유통,t_33~35,0.4071064715260677,0.13470282601763228,0.0025089797213638694,19,0.5024640667881997,0.4684753525,0.004955785532678232,0.6876526101383351,0.1538324103405062,0.9564351388981671,0.06142402512877879,4.472448585336522
강원 춘천시,기타유통,t_35+,0.15097158904039842,0.12422510800235878,0.22424918972174945,11,0.1629636167001216,0.4684753525,0.004955785532678232,0.6876526101383351,-0.08835956146934609,0.4835721591597104,0.7064700990307271,0.8397888155609079
강원 춘천시,기타유통,r_0.1~10,-0.03198187015353238,0.09103961560636967,0.7253661525446781,37,-0.03147585888599558,0.4684753525,0.004955785532678232,0.6876526101383351,-0.18975573637268395,0.15772373101561987,0.9085299043779487,-0.5455895712137103
강원 춘천시,기타유통,r_10~30,-0.5579818313008968,0.17996187112678844,0.0019315778672349614,9,-0.4276369758462716,0.4684753525,0.004955785532678232,0.6876526101383351,-0.5977602997206367,-0.18556166586521072,0.01352104507064473,-1.8030364470145446
강원 춘천시,기타유통,r_30+,-0.14539658200617644,0.11676525554199961,0.2130567136613476,17,-0.13532069115045942,0.4684753525,0.004955785532678232,0.6876526101383351,-0.31219951983600835,0.08704534049504131,0.3224642152712288,-1.0777049442833369
강원 춘천시,기타유통,r30_lag1,0.02847066079032423,0.11408137975818765,0.8029241664695614,18,0.02887982387081145,0.4684753525,0.004955785532678232,0.6876526101383351,-0.17727135204113686,0.28668631461264305,0.9847543340174072,0.24353074202429353
강원 춘천시,기타의료,t_30~33,-0.1412365480366336,0.4628814845660295,0.7602712226677799,24,-0.13171610344761897,0.6591904067105263,0.007431095108126489,0.6772395446170973,-0.6495314332805626,1.1511684544757577,0.9272643559326024,-2.083823803247081
강원 춘천시,기타의료,t_33~35,-0.1608935630625824,0.38570595665187396,0.6765756667651812,19,-0.14861731514971321,0.6591904067105263,0.007431095108126489,0.6772395446170973,-0.6002345337059776,0.8131943281207863,0.973962767477982,-1.8613750599375525
강원 춘천시,기타의료,t_35+,-0.39166021401276013,0.4241982441100657,0.35585337465443223,11,-0.32406625223896535,0.6591904067105263,0.007431095108126489,0.6772395446170973,-0.7056803250123551,0.5523475669149789,0.8302798369205107,-2.3498350107601556
강원 춘천시,기타의료,r_0.1~10,-0.1538440352573888,0.2625979413922938,0.5579736806633606,36,-0.14259426435132427,0.6591904067105263,0.007431095108126489,0.6772395446170973,-0.4875417324143555,0.43454529280354715,0.7471038329745086,-3.383883760044159
강원 춘천시,기타의료,r_10~30,0.06104359617367466,0.24952443045177347,0.8067353771527362,9,0.06294525352295821,0.6591904067105263,0.007431095108126489,0.6772395446170973,-0.34820441588645246,0.7334462514403253,0.8214032931009678,0.3734361654326641
강원 춘천시,기타의료,r_30+,-0.17902119191085974,0.3486390945040869,0.6076116063894007,17,-0.16391181909690877,0.6591904067105263,0.007431095108126489,0.6772395446170973,-0.5778327925080844,0.6558449681557197,0.6855243762246729,-1.8368346778176097
강원 춘천시,기타의료,r30_lag1,0.5446361234832462,0.2231962323667911,0.014680465841303909,18,0.7239809520459963,0.6591904067105263,0.007431095108126489,0.6772395446170973,0.11312514802620699,1.6700594522435908,0.41105304355650946,8.590343368137738
강원 춘천시,노래방,t_30~33,0.025322757010954433,0.07664245051919225,0.7410968409589501,25,0.025646101578370217,0.2073347222368421,0.0025293496017714735,0.6960437507858656,-0.11741170660517386,0.19189199942437773,0.9272643559326024,0.13293318368023066
강원 춘천시,노래방,t_33~35,0.01541318802143099,0.07145952721505451,0.8292284955715887,19,0.015532583838606673,0.2073347222368421,0.0025293496017714735,0.6960437507858656,-0.11719194946336764,0.16821140021436887,0.975847335189919,0.061188435160161564
강원 춘천시,노래방,t_35+,-0.01695791433012106,0.08716679699705888,0.8457487164615596,11,-0.016814938233849275,0.2073347222368421,0.0025293496017714735,0.6960437507858656,-0.17122356159329521,0.16636142255499897,0.9842133385875522,-0.038349526029592754
강원 춘천시,노래방,r_0.1~10,0.029737144584324304,0.03432127687198984,0.38625183203072566,37,0.030183708994122593,0.2073347222368421,0.0025293496017714735,0.6960437507858656,-0.036836941534184486,0.1018679183640574,0.6180029312491611,0.231550844053841
강원 춘천시,노래방,r_10~30,0.23489291049084704,0.13330056180598873,0.07804734638882059,9,0.26477331752655586,0.2073347222368421,0.0025293496017714735,0.6960437507858656,-0.026031377205831485,0.6424056250785288,0.20812625703685492,0.49407032020586095
강원 춘천시,노래방,r_30+,0.07758923638693238,0.06038335833549177,0.19881183990216345,17,0.08067866401530566,0.2073347222368421,0.0025293496017714735,0.6960437507858656,-0.039942543653838425,0.2164546685597699,0.3200893433741223,0.2843673026988994
강원 춘천시,노래방,r30_lag1,0.03714225890192813,0.06948419282699705,0.5929662061745685,18,0.03784065240854351,0.2073347222368421,0.0025293496017714735,0.6960437507858656,-0.09429964264490132,0.18926001413675797,0.922391876271551,0.14122226081495265
강원 춘천시,농수산물,t_30~33,0.023721068066647977,0.058387470237049925,0.6845443448063004,25,0.024004650454675813,0.8141409097368421,0.008757969287585682,0.7188575468013413,-0.0867251229971413,0.14815982630990576,0.9272643559326024,0.48857919897711666
강원 춘천시,농수산물,t_33~35,0.07300230300454658,0.09150810399997786,0.4250047164808002,19,0.07573301432987356,0.8141409097368421,0.008757969287585682,0.7188575468013413,-0.10089331502638865,0.2870569616031715,0.8206987628594762,1.1714895584890945
강원 춘천시,농수산물,t_35+,0.04132939373551325,0.14053410938719738,0.7686906680172365,11,0.04219534162918204,0.8141409097368421,0.008757969287585682,0.7188575468013413,-0.20873113252929698,0.37269539440559774,0.9842133385875522,0.37788249202703017
강원 춘천시,농수산물,r_0.1~10,-0.05132980602895487,0.043278783198003316,0.23561163129986762,37,-0.05003468542611933,0.8141409097368421,0.008757969287585682,0.7188575468013413,-0.1272937132945513,0.03406393724998669,0.507471205876638,-1.5072055195150478
강원 춘천시,농수산물,r_10~30,-0.19720783416271015,0.12398249883459794,0.11169731501287947,9,-0.1789800204205899,0.8141409097368421,0.008757969287585682,0.7188575468013413,-0.35610108654203587,0.046862780445708685,0.24668704727968851,-1.3114346098494387
강원 춘천시,농수산물,r_30+,-0.11778464000778088,0.08694733228190554,0.17552382949905998,17,-0.11111253720009817,0.8141409097368421,0.008757969287585682,0.7188575468013413,-0.25038940299660084,0.05404182475726649,0.30716670162335497,-1.5378414560273628
강원 춘천시,농수산물,r30_lag1,-0.011795908985883452,0.09311935354307602,0.8991975070768421,18,-0.011726610000625914,0.8141409097368421,0.008757969287585682,0.7188575468013413,-0.17659725995406983,0.18615623422187633,0.9893297886476076,-0.17184803281269717
강원 춘천시,동물병원,t_30~33,0.24795790083605818,0.08273844899929578,0.0027275051248115563,25,0.2814059849378261,0.3148492373684211,0.003732117905972071,0.580902804662514,0.0895780822456087,0.5070065422482921,0.1322917534635984,2.2150114937145986
강원 춘천시,동물병원,t_33~35,0.022636432969584952,0.1186778974344956,0.8487305475065456,19,0.02289458119010601,0.3148492373684211,0.003732117905972071,0.580902804662514,-0.18939325676409968,0.290777967194368,0.975847335189919,0.13695848712391123
강원 춘천시,동물병원,t_35+,0.27572715746983345,0.13441143701848093,0.0402312411012042,11,0.3174883481295514,0.3148492373684211,0.003732117905972071,0.580902804662514,0.012356458852298635,0.7145892953801773,0.3218499288096336,1.0995706071014393
강원 춘천시,동물병원,r_0.1~10,0.01704979350388891,0.06362741059676429,0.7887277789280663,37,0.017195970815776063,0.3148492373684211,0.003732117905972071,0.580902804662514,-0.10206709657929769,0.15229950823961946,0.9201824087494108,0.2003231169947986
강원 춘천시,동물병원,r_10~30,-0.09122869278815093,0.1749681861252179,0.6020870347493092,9,-0.08719106579289915,0.3148492373684211,0.003732117905972071,0.580902804662514,-0.35219550771729213,0.2862216305914076,0.6361674329426664,-0.24706836513210712
강원 춘천시,동물병원,r_30+,0.03619978208979413,0.08237456449303615,0.6603330438445552,17,0.03686297245167269,0.3148492373684211,0.003732117905972071,0.580902804662514,-0.11772754459000767,0.218540618659262,0.7111278933710594,0.19730673898021847
강원 춘천시,동물병원,r30_lag1,-0.05008823220609293,0.0758529382000685,0.5090398702433043,18,-0.04885450086739551,0.3148492373684211,0.003732117905972071,0.580902804662514,-0.18025338377415612,0.10360658112307286,0.849754625148914,-0.2768724421220582
강원 춘천시,"모텔,여관,기타숙박",t_30~33,0.21313027291561348,0.08046923942768804,0.008082758126947306,25,0.23754585945015716,0.2569854203947368,0.003286856383516409,0.505830226934169,0.05697448089200963,0.44896568642767676,0.1322917534635984,1.5261455638456927
강원 춘천시,"모텔,여관,기타숙박",t_33~35,0.09544175411477074,0.1591532361740927,0.5487164143437981,19,0.10014474126339756,0.2569854203947368,0.003286856383516409,0.505830226934169,-0.19466632858034172,0.502878241258601,0.9037682118603735,0.48897903024403105
강원 춘천시,"모텔,여관,기타숙박",t_35+,0.1994223718166892,0.138229204622554,0.14910683762387705,11,0.22069744522780765,0.2569854203947368,0.003286856383516409,0.505830226934169,-0.06901011762331688,0.6005568706951792,0.5964273504955082,0.6238762831610382
강원 춘천시,"모텔,여관,기타숙박",r_0.1~10,0.03468556991855809,0.05956091296377183,0.5603278747308814,37,0.03529412999880943,0.2569854203947368,0.003286856383516409,0.505830226934169,-0.07877762235679464,0.16349098938749296,0.7471038329745086,0.3355928429027898
강원 춘천시,"모텔,여관,기타숙박",r_10~30,-0.03449642730053948,0.10979422338960636,0.7533754904269223,9,-0.03390820876405276,0.2569854203947368,0.003286856383516409,0.505830226934169,-0.22096017029533765,0.198056008827318,0.7812782863686601,-0.07842523755656337
강원 춘천시,"모텔,여관,기타숙박",r_30+,-0.05023023274723126,0.06875687461682073,0.4650549684107236,17,-0.048989554453905515,0.2569854203947368,0.003286856383516409,0.505830226934169,-0.16889048598900103,0.0882090173327168,0.5425641298125109,-0.21402322118689193
강원 춘천시,"모텔,여관,기타숙박",r30_lag1,-0.1136419083470992,0.07481402623931983,0.12876450630994896,18,-0.10742247677757222,0.2569854203947368,0.003286856383516409,0.505830226934169,-0.2291622740700362,0.03354390705349197,0.8012013725952379,-0.4969081863815085
강원 춘천시,미용서비스,t_30~33,-0.5983202382643507,0.2305353013617636,0.0094494109616856,25,-0.45026571642255975,0.09540899710526315,0.001182811765353903,0.29606730762278544,-0.6501215354460341,-0.13624926036627127,0.1322917534635984,-1.073985010868981
강원 춘천시,미용서비스,t_33~35,-0.2222566266605428,0.25155924795866064,0.37695752846952557,19,-0.19929014552988444,0.09540899710526315,0.001182811765353903,0.29606730762278544,-0.5109608604151679,0.31101218522068375,0.8206987628594762,-0.36126738544139614
강원 춘천시,미용서비스,t_35+,0.023617896994069465,0.32298456059933683,0.9417075076370822,11,0.023899008246266673,0.09540899710526315,0.001182811765353903,0.29606730762278544,-0.4563403339487706,0.9283556323063702,0.9842133385875522,0.02508198449445389
강원 춘천시,미용서비스,r_0.1~10,0.015272267180539978,0.15528645915271042,0.9216551744124671,37,0.015389484216036253,0.09540899710526315,0.001182811765353903,0.29606730762278544,-0.25105459808304686,0.3766234521469596,0.9384125412199665,0.05432692443571395
강원 춘천시,미용서비스,r_10~30,-0.5574040164450227,0.3397438176908776,0.10086805870194289,9,-0.4273061604221332,0.09540899710526315,0.001182811765353903,0.29606730762278544,-0.7057430456949448,0.11459807182815274,0.2455917951003827,-0.3669196700049878
강원 춘천시,미용서비스,r_30+,-0.47647414229201734,0.21656510077754956,0.027796766684309387,17,-0.3790310152215881,0.09540899710526315,0.001182811765353903,0.29606730762278544,-0.5938130428645375,-0.05067734627398701,0.07783094671606629,-0.6147704735793847
강원 춘천시,미용서비스,r30_lag1,0.12208694461231051,0.14293443425016725,0.3930238302622533,18,0.12985233208294011,0.09540899710526315,0.001182811765353903,0.29606730762278544,-0.14620532928321528,0.49516779162084124,0.849754625148914,0.22300345396463228
강원 춘천시,미용실,t_30~33,-0.05021403787645573,0.06582351036823782,0.4455476660452923,25,-0.048974152837920504,0.9665614415789473,0.011976761200829609,0.7287373152214829,-0.16408480982129225,0.08198794877383597,0.9272643559326024,-1.1834131941782033
강원 춘천시,미용실,t_33~35,-0.0026400506813200053,0.08673475512292388,0.975717571876345,19,-0.0026365688122975683,0.9665614415789473,0.011976761200829609,0.7287373152214829,-0.15855966475437422,0.1821798554262708,0.9845229127529926,-0.04841970928869218
강원 춘천시,미용실,t_35+,0.06824667442896404,0.08375038761069134,0.41513991846025533,11,0.07062937279764481,0.9665614415789473,0.011976761200829609,0.7287373152214829,-0.09144884468792114,0.26162104048324397,0.8302798369205107,0.750943912280193
강원 춘천시,미용실,r_0.1~10,0.0528427398487632,0.03036326981623912,0.08179744519540116,37,0.05426383839163318,0.9665614415789473,0.011976761200829609,0.7287373152214829,-0.0066470787748726945,0.11890972200439354,0.2862910581839041,1.9406253528726876
강원 춘천시,미용실,r_10~30,-0.35613684048753047,0.30679485845671156,0.24571082157798363,9,-0.29962322622161486,0.9665614415789473,0.011976761200829609,0.7287373152214829,-0.6161313196212744,0.2778526884878023,0.32761442877064484,-2.606438317205692
강원 춘천시,미용실,r_30+,-0.06289634686155887,0.08520496272057712,0.4604068754215537,17,-0.060959196828834106,0.9665614415789473,0.011976761200829609,0.7287373152214829,-0.20538540957361018,0.10971739085130094,0.5425641298125109,-1.0016537557943357
강원 춘천시,미용실,r30_lag1,0.0300784069245561,0.05920203284434339,0.611408634929752,18,0.03053533189193658,0.9665614415789473,0.011976761200829609,0.7287373152214829,-0.08236684126732652,0.15732856879794666,0.92537523124503,0.5312569394261129
강원 춘천시,사무기기/문구용품,t_30~33,0.02061888044884852,0.06803992205472968,0.7618586786577779,25,0.02083291810549137,0.10824470710526315,0.0012489413611619675,0.43031039237618984,-0.10661652481173034,0.166464206726191,0.9272643559326024,0.05637632796192118
강원 춘천시,사무기기/문구용품,t_33~35,-0.011319769047541506,0.07025010200408956,0.8719868629488626,19,-0.01125594152650955,0.10824470710526315,0.0012489413611619675,0.43031039237618984,-0.13843947401967738,0.1347024192574917,0.975847335189919,-0.023149525780888903
강원 춘천시,사무기기/문구용품,t_35+,-0.0021026313120349194,0.09402754542248731,0.9821592997636807,11,-0.0021004223313130232,0.10824470710526315,0.0012489413611619675,0.43031039237618984,-0.17005564311811383,0.19984377127714126,0.9842133385875522,-0.002500955600553654
강원 춘천시,사무기기/문구용품,r_0.1~10,-0.015340786200432444,0.04481036513307601,0.7320882220762678,37,-0.015223715755229739,0.10824470710526315,0.0012489413611619675,0.43031039237618984,-0.09802556497116177,0.07517939793928896,0.9085299043779487,-0.06097180616020906
강원 춘천시,사무기기/문구용품,r_10~30,-0.1584673717403331,0.12006033445828261,0.1868691410473834,9,-0.14654919004871436,0.10824470710526315,0.0012489413611619675,0.43031039237618984,-0.32550136514900874,0.07988103662717894,0.29068533051815193,-0.1427685673800297
강원 춘천시,사무기기/문구용품,r_30+,-0.11439865106712643,0.07647639302532216,0.13468784546029866,17,-0.10809767281326699,0.10824470710526315,0.0012489413611619675,0.43031039237618984,-0.23225096869685935,0.03613254957923395,0.25141731152589086,-0.1989170158513551
강원 춘천시,사무기기/문구용품,r30_lag1,0.06842294224587664,0.07305587277592779,0.34897272132919477,18,0.07081810693329871,0.10824470710526315,0.0012489413611619675,0.43031039237618984,-0.07203992374186718,0.23566891235226706,0.849754625148914,0.13798233436939425
강원 춘천시,생활잡화/수입상품점,t_30~33,0.0537351538641182,0.05842112371853842,0.3576826131500671,25,0.05520509815112806,0.7796799118421053,0.009005254124712612,0.6628860445774012,-0.05896057995737736,0.18322120779350515,0.9104648334728981,1.0760576514926574
강원 춘천시,생활잡화/수입상품점,t_33~35,0.1191351538324188,0.09422841459735529,0.20611410992650658,19,0.12652216178744524,0.7796799118421053,0.009005254124712612,0.6628860445774012,-0.06345015971750179,0.35502898662121996,0.8206987628594762,1.8742889710216497
강원 춘천시,생활잡화/수입상품점,t_35+,0.24188156258776994,0.09587573612344706,0.011640299732727412,11,0.27364333686195486,0.7796799118421053,0.009005254124712612,0.6628860445774012,0.05544778726814581,0.5369470371732645,0.16296419625818376,2.346896340367793
강원 춘천시,생활잡화/수입상품점,r_0.1~10,-0.041906590275915034,0.05437331904039758,0.44087306920057956,37,-0.04104064748249858,0.7796799118421053,0.009005254124712612,0.6628860445774012,-0.1379812834292795,0.06680170871364233,0.6858025520897904,-1.1839470312106042
강원 춘천시,생활잡화/수입상품점,r_10~30,-0.08292314742000872,0.07274904967320253,0.2543479788822752,9,-0.07957811870170006,0.7796799118421053,0.009005254124712612,0.6628860445774012,-0.20189194607632144,0.061480880198855115,0.331243879474591,-0.5584091451651189
강원 춘천시,생활잡화/수입상품점,r_30+,-0.12506114255625844,0.05330768082121623,0.018974843620404937,17,-0.1175570538823838,0.7796799118421053,0.009005254124712612,0.6628860445774012,-0.20510416412264054,-0.020367804174935,0.05903284681903758,-1.5581668479263886
강원 춘천시,생활잡화/수입상품점,r30_lag1,-0.0008578376321197734,0.06181082263574059,0.9889269645424997,18,-0.000857469794607324,0.7796799118421053,0.009005254124712612,0.6628860445774012,-0.11485787176975526,0.12782542354097282,0.9971112215261947,-0.012033935529600717
강원 춘천시,서점,t_30~33,-0.0016364678479314776,0.16763652426462583,0.9922111741590859,25,-0.001635129564541593,0.13183759868421052,0.0015510350430477057,0.44214696099448125,-0.28122295187633817,0.38670595718316125,0.9922111741590859,-0.005389288883168061
강원 춘천시,서점,t_33~35,-0.20168631240483226,0.1533438252239034,0.18842404194424933,19,-0.18264871930955695,0.13183759868421052,0.0015510350430477057,0.44214696099448125,-0.3948265754283772,0.10392011433615367,0.8206987628594762,-0.45751940257384927
강원 춘천시,서점,t_35+,-0.023969809199563485,0.19289589254400252,0.9011070956656676,11,-0.023684814950119315,0.13183759868421052,0.0015510350430477057,0.44214696099448125,-0.33104986522214774,0.42490641828710096,0.9842133385875522,-0.03434804041133982
강원 춘천시,서점,r_0.1~10,-0.07210385599589642,0.08130028460252076,0.37514179125190483,37,-0.06956574038348018,0.13183759868421052,0.0015510350430477057,0.44214696099448125,-0.20661955144780197,0.09116365679029581,0.6180029312491611,-0.3393410660253478
강원 춘천시,서점,r_10~30,-0.21123037164781655,0.16399455578348784,0.1977345355790856,9,-0.19041246061872152,0.13183759868421052,0.0015510350430477057,0.44214696099448125,-0.4129584634843583,0.11650018465766454,0.2992738916872647,-0.22593169410771644
강원 춘천시,서점,r_30+,-0.3384664346428021,0.13905136978200422,0.014928426456758287,17,-0.28713729352129913,0.13183759868421052,0.0015510350430477057,0.44214696099448125,-0.45719607467012835,-0.06379962528953276,0.0491759930340273,-0.6435433515990336
강원 춘천시,서점,r30_lag1,-0.26144370847577525,0.11572061044829487,0.023866807096338333,18,-0.23006078474351577,0.13183759868421052,0.0015510350430477057,0.44214696099448125,-0.38630431758975314,-0.03403851097409527,0.43681443166059636,-0.5459519054158231
강원 춘천시,세탁소,t_30~33,0.027978914752962103,0.12882650123281883,0.8280658006814128,25,0.02837400067297069,0.16063670407894737,0.0015925235411615273,0.7795612535900854,-0.20110122245125617,0.323763554257793,0.9386134736997384,0.11394764874099615
강원 춘천시,세탁소,t_33~35,-0.13406438519761021,0.1365182546068456,0.32608736529699245,19,-0.12546624423805597,0.16063670407894737,0.0015925235411615273,0.7795612535900854,-0.3307784877903187,0.14283428732258185,0.8206987628594762,-0.38293519500374507
강원 춘천시,세탁소,t_35+,-0.0655085110237339,0.14491348169405815,0.6512311152567666,11,-0.06340892462316594,0.16063670407894737,0.0015925235411615273,0.7795612535900854,-0.2949869284556451,0.2442362813982899,0.9597090119573402,-0.11204380726721366
강원 춘천시,세탁소,r_0.1~10,0.060963481523768626,0.06607895419236111,0.35622328228242817,37,0.06286009944719306,0.16063670407894737,0.0015925235411615273,0.7795612535900854,-0.06625441303974344,0.2098280375005186,0.6180029312491611,0.3736126501510623
강원 춘천시,세탁소,r_10~30,-0.5646943736930456,0.1254603948698186,6.764177005830319e-06,9,-0.43146612088254854,0.16063670407894737,0.0015925235411615273,0.7795612535900854,-0.5554073225843263,-0.27297324467147943,0.00018939695616324896,-0.6237836602227116
강원 춘천시,세탁소,r_30+,-0.26648548989874365,0.0635417927994942,2.7424524744376776e-05,17,-0.23393288064297957,0.16063670407894737,0.0015925235411615273,0.7795612535900854,-0.3236383790836266,-0.13232978748135726,0.00030715467713701987,-0.6388295176770944
강원 춘천시,세탁소,r30_lag1,0.046044891154283674,0.0597516694206872,0.44094153383470647,18,0.047121416390922155,0.16063670407894737,0.0015925235411615273,0.7795612535900854,-0.06860179990678261,0.1772228683229078,0.849754625148914,0.1362497223702496
강원 춘천시,스포츠/레저용품,t_30~33,-0.05678440947906971,0.04664881184440584,0.22349979004427833,25,-0.05520226315239396,1.8960468364473686,0.020649332445529037,0.826030768468074,-0.1377552196395112,0.03525447052188668,0.7836900401537004,-2.6166519103707926
강원 춘천시,스포츠/레저용품,t_33~35,0.07938111846276197,0.08121011858666612,0.3283324777797184,19,0.08261684872370512,1.8960468364473686,0.020649332445529037,0.826030768468074,-0.07669043803737174,0.2694109206982154,0.8206987628594762,2.976262878536806
강원 춘천시,스포츠/레저용품,t_35+,0.13186264687072935,0.10916543476103668,0.22707967468844803,11,0.14095159523226175,1.8960468364473686,0.020649332445529037,0.826030768468074,-0.07882164262610292,0.41315797558915857,0.7064700990307271,2.939759088555739
강원 춘천시,스포츠/레저용품,r_0.1~10,-0.06032278780703049,0.033470335378672576,0.07150196605823338,37,-0.05853940746741426,1.8960468364473686,0.020649332445529037,0.826030768468074,-0.11831871675824357,0.005293028375165543,0.2669406732840713,-4.106757958435488
강원 춘천시,스포츠/레저용품,r_10~30,-0.06493945849208549,0.05270100829925689,0.2178653408015342,9,-0.0628758034280068,1.8960468364473686,0.020649332445529037,0.826030768468074,-0.15484347725306868,0.039099546846504296,0.319089414645289,-1.0729392136088303
강원 춘천시,스포츠/레저용품,r_30+,-0.07421019555120845,0.0647726378073947,0.2519181254103593,17,-0.07152348830336364,1.8960468364473686,0.020649332445529037,0.826030768468074,-0.18222215766542516,0.054159929683762265,0.3568098209022174,-2.3054020233976407
강원 춘천시,스포츠/레저용품,r30_lag1,0.027180836854451718,0.06822566372148514,0.6903382483774951,18,0.027553605524793134,1.8960468364473686,0.020649332445529037,0.826030768468074,-0.10106222620303995,0.17457119169350555,0.9662174410228954,0.9403726785840497
강원 춘천시,스포츠시설,t_30~33,0.10665117023338411,0.06086364180077685,0.0797227705640809,25,0.11254609758735179,0.24321120381578948,0.004034321358132571,0.8517631017174248,-0.012561998724331946,0.253505351888208,0.5322681019966642,0.6843117969747287
강원 춘천시,스포츠시설,t_33~35,0.15102715239657183,0.11060756713892561,0.17211719615571153,19,0.16302823665700727,0.24321120381578948,0.004034321358132571,0.8517631017174248,-0.0636478823672686,0.4445790785214587,0.8206987628594762,0.753355580173007
강원 춘천시,스포츠시설,t_35+,0.2760612519018206,0.11898823401380533,0.020336990992575063,11,0.3179285871874835,0.24321120381578948,0.004034321358132571,0.8517631017174248,0.04377538018767346,0.6640896057671823,0.2141761807090169,0.8505617385905316
강원 춘천시,스포츠시설,r_0.1~10,0.05625128722671424,0.04021948965726952,0.16193066125002398,37,0.05786347791947977,0.24321120381578948,0.004034321358132571,0.8517631017174248,-0.022325916558430747,0.1446300529687501,0.46060645393056615,0.520702706505306
강원 춘천시,스포츠시설,r_10~30,0.006711673796158113,0.11785992563502944,0.9545880591625543,9,0.00673424755303631,0.24321120381578948,0.004034321358132571,0.8517631017174248,-0.20091965429945358,0.26835036132397905,0.9545880591625543,0.01474060008750746
강원 춘천시,스포츠시설,r_30+,0.07248061272583106,0.043531090779815464,0.09590658448094837,17,0.07517196123450187,0.24321120381578948,0.004034321358132571,0.8517631017174248,-0.012758239936404903,0.17093380060257957,0.19891736040492994,0.31080527414563003
강원 춘천시,스포츠시설,r30_lag1,-0.014256280851705716,0.0589496044542848,0.808905345800013,18,-0.014155141275031258,0.24321120381578948,0.004034321358132571,0.8517631017174248,-0.12172674165237418,0.10659191343586794,0.9847543340174072,-0.06196840109429259
강원 춘천시,시계/귀금속,t_30~33,-0.17878810665723766,0.1538167395725096,0.24509538490348803,25,-0.1637169165576411,0.2399000142105263,0.002677941825204921,0.3848680379336854,-0.38138298671224047,0.1305369568401067,0.8073730326232548,-0.9818922652170412
강원 춘천시,시계/귀금속,t_33~35,-0.5784093187255137,0.19679119895178485,0.0032905727747560066,19,-0.43921030486539625,0.2399000142105263,0.002677941825204921,0.3848680379336854,-0.6186814136704503,-0.17526946379327013,0.06142402512877879,-2.001964609193745
강원 춘천시,시계/귀금속,t_35+,-0.3492901321887909,0.26184585244084085,0.18221917040349023,11,-0.29481149729693157,0.2399000142105263,0.002677941825204921,0.3848680379336854,-0.577897879693156,0.1781291787472985,0.6377670964122159,-0.7779781063005646
강원 춘천시,시계/귀금속,r_0.1~10,-0.2616013020010781,0.1087173053351599,0.01611711496737377,37,-0.2301821126182222,0.2399000142105263,0.002677941825204921,0.3848680379336854,-0.37792040018883355,-0.04735731582769387,0.10028427090810345,-2.0431656072604576
강원 춘천시,시계/귀금속,r_10~30,-0.5950672457849175,0.2800247964023541,0.03358227649587244,9,-0.44847452314278935,0.2399000142105263,0.002677941825204921,0.3848680379336854,-0.6814308916237005,-0.04516682997627508,0.12558434069710545,-0.9683014002751276
강원 춘천시,시계/귀금속,r_30+,-0.21977388139577592,0.17151175973720897,0.20005583960882645,17,-0.1972997170892743,0.2399000142105263,0.002677941825204921,0.3848680379336854,-0.42646535271045016,0.12343299089247384,0.3200893433741223,-0.8046474838686453
강원 춘천시,시계/귀금속,r30_lag1,-0.19717579171183197,0.1863199340565703,0.28993482413271365,18,-0.1789537125067414,0.2399000142105263,0.002677941825204921,0.3848680379336854,-0.4301390312975897,0.18294995311127593,0.849754625148914,-0.7727579671210867
강원 춘천시,실내/실외골프장,t_30~33,0.037251728199423795,0.12505186220828957,0.7657869437131941,25,0.0379542703143978,2.6300114102631578,0.0309545529898402,0.8721824753200579,-0.18767105951282892,0.3262473039773579,0.9272643559326024,2.4955040998769613
강원 춘천시,실내/실외골프장,t_33~35,-0.03669547758857927,0.11311756032729993,0.7456342760420371,19,-0.03603035898312279,2.6300114102631578,0.0309545529898402,0.8721824753200579,-0.22771829744165661,0.2032364171311003,0.975847335189919,-1.8004448495883216
강원 춘천시,실내/실외골프장,t_35+,0.006895712668387954,0.13595516689207682,0.959548249087659,11,0.006919542838835779,2.6300114102631578,0.0309545529898402,0.8721824753200579,-0.22862173869610802,0.31438363849786977,0.9842133385875522,0.20018324281937103
강원 춘천시,실내/실외골프장,r_0.1~10,-0.1689651415853013,0.08131566831038599,0.03771934726329113,37,-0.15546165785930355,2.6300114102631578,0.0309545529898402,0.8721824753200579,-0.279884635599832,-0.009540628341036195,0.1760236205620253,-15.128039559050631
강원 춘천시,실내/실외골프장,r_10~30,-0.6128876448879406,0.17025895359703086,0.00031853782583964377,9,-0.4582158721001811,2.6300114102631578,0.0309545529898402,0.8721824753200579,-0.61193995413096,-0.24359633420435678,0.0044595295617550134,-10.846016747884441
강원 춘천시,실내/실외골프장,r_30+,-0.9654001197376441,0.13767540304803738,2.346889711397342e-12,17,-0.6191692086657504,2.6300114102631578,0.0309545529898402,0.8721824753200579,-0.7092361664047583,-0.5012031247663251,1.3142582383825116e-10,-27.683175422467073
강원 춘천시,실내/실외골프장,r30_lag1,-0.03150949735098818,0.1009672537229817,0.7549824593727581,18,-0.0310182463497769,2.6300114102631578,0.0309545529898402,0.8721824753200579,-0.20499375948008758,0.18102926876778946,0.9832329703459175,-1.4684101528728022
강원 춘천시,싸우나/목욕탕,t_30~33,0.021397418880436447,0.04967830115403499,0.6666722527376648,25,0.02162798521945941,0.14947480447368422,0.0016126479724477476,0.9008535958190972,-0.073157889846032,0.12610737983213527,0.9272643559326024,0.0808209715459607
강원 춘천시,싸우나/목욕탕,t_33~35,0.06143375603320145,0.07129084376753082,0.38883381805435346,19,0.06336005300754999,0.14947480447368422,0.0016126479724477476,0.9008535958190972,-0.07530959773755375,0.22282506616878828,0.8206987628594762,0.17994389916017026
강원 춘천시,싸우나/목욕탕,t_35+,-0.09538528376447575,0.10865560189021674,0.38001531759644924,11,-0.09097736467265372,0.14947480447368422,0.0016126479724477476,0.9008535958190972,-0.26534205090376384,0.12477126607559508,0.8302798369205107,-0.1495870617557358
강원 춘천시,싸우나/목욕탕,r_0.1~10,-0.08038951438056208,0.032530522100324546,0.013465946320672165,37,-0.07724315068602872,0.14947480447368422,0.0016126479724477476,0.9008535958190972,-0.13424155196819776,-0.016492181056292132,0.10028427090810345,-0.4271984792918424
강원 춘천시,싸우나/목욕탕,r_10~30,0.2981452936107607,0.059458272006515454,5.320975421484291e-07,9,0.3473575361001324,0.14947480447368422,0.0016126479724477476,0.9008535958190972,0.199142934633755,0.5138915284025545,2.979746236031203e-05,0.467290798119252
강원 춘천시,싸우나/목욕탕,r_30+,0.15840548575725455,0.0531581331289449,0.0028835020200821374,17,0.17164118221282743,0.14947480447368422,0.0016126479724477476,0.9008535958190972,0.05571213091888061,0.3003005456253032,0.01614761131245997,0.4361525465652046
강원 춘천시,싸우나/목욕탕,r30_lag1,0.041936601786596306,0.05758329764342553,0.4664439268556635,18,0.042828363199867825,0.14947480447368422,0.0016126479724477476,0.9008535958190972,-0.06846979343746651,0.1674242954580052,0.849754625148914,0.11523170187410717
강원 춘천시,애완동물,t_30~33,-0.13281503358810953,0.10385993726721457,0.2009710691756994,25,-0.12437296127752584,0.1998233475,0.0023804176687695707,0.3715126578942375,-0.2856487641454857,0.07331334007524704,0.7836900401537004,-0.6213155365240772
강원 춘천시,애완동물,t_33~35,-0.14128358177516365,0.1608171516990219,0.37965316442807207,19,-0.13175694112499736,0.1998233475,0.0023804176687695707,0.3715126578942375,-0.3664936142145214,0.18995802757368363,0.8206987628594762,-0.5002341476071904
강원 춘천시,애완동물,t_35+,0.20882731643425867,0.19809125356968826,0.2917924763238934,11,0.23223219390778782,0.1998233475,0.0023804176687695707,0.3715126578942375,-0.16425483637130156,0.8168171899555106,0.7750843365266039,0.5104595582231559
강원 춘천시,애완동물,r_0.1~10,-0.022471611192598218,0.078418222866142,0.7744484132982634,37,-0.022221005221103596,0.1998233475,0.0023804176687695707,0.3715126578942375,-0.16152568310596538,0.14022784403502953,0.9201824087494108,-0.16429019897954822
강원 춘천시,애완동물,r_10~30,-0.21773888255547869,0.06749054872040076,0.0012543998668545513,9,-0.19566455973708252,0.1998233475,0.0023804176687695707,0.3715126578942375,-0.29532625620883646,-0.08190775353385049,0.011399100507622864,-0.35188512582399795
강원 춘천시,애완동물,r_30+,-0.2144578709653442,0.056091035288815136,0.00013162963821559956,17,-0.19302119174604526,0.1998233475,0.0023804176687695707,0.3715126578942375,-0.2770363249991681,-0.0992427151056744,0.0012285432900122626,-0.6556923914432803
강원 춘천시,애완동물,r30_lag1,-0.09950482839325692,0.08188335741994958,0.22428901735937312,18,-0.09471442121682894,0.1998233475,0.0023804176687695707,0.3715126578942375,-0.22894549108525986,0.06288462057797584,0.849754625148914,-0.34067074867329206
강원 춘천시,약국,t_30~33,-0.02132622393896222,0.03798261182257944,0.574474899416075,25,-0.02110042799868539,2.353696331578947,0.02534697669619106,0.9532215239802568,-0.0913289605620673,0.05455586287540126,0.9272643559326024,-1.2415999993812876
강원 춘천시,약국,t_33~35,-0.0084083318824959,0.03105558538976615,0.7865825220994586,19,-0.008373080730292304,2.353696331578947,0.02534697669619106,0.9532215239802568,-0.06693207616480434,0.05386105545089137,0.975847335189919,-0.374446098579164
강원 춘천시,약국,t_35+,0.0009102705798378352,0.04600361231346858,0.9842133385875522,11,0.0009106850018378854,2.353696331578947,0.02534697669619106,0.9532215239802568,-0.08538933734481402,0.09535372837495748,0.9842133385875522,0.023578235428547773
강원 춘천시,약국,r_0.1~10,0.00562613468285178,0.025555931647623275,0.825754447322959,37,0.005641991101421606,2.353696331578947,0.02534697669619106,0.9532215239802568,-0.043489479632662253,0.05729711564285411,0.9299787294306004,0.49134274905403263
강원 춘천시,약국,r_10~30,-0.10073296780209606,0.06285636599724512,0.10902525844952006,9,-0.09582555565872519,2.353696331578947,0.02534697669619106,0.9532215239802568,-0.20063006682850792,0.02271975949396232,0.24668704727968851,-2.029898329429101
강원 춘천시,약국,r_30+,-0.03446789595274069,0.03993041771261515,0.3880280728738372,17,-0.03388064446993011,2.353696331578947,0.02534697669619106,0.9532215239802568,-0.10660950983980322,0.044768910582951404,0.5053388856031368,-1.3556607262068858
강원 춘천시,약국,r30_lag1,-0.016037165914327245,0.02172699432856382,0.4604405003837144,18,-0.015909255256697508,2.353696331578947,0.02534697669619106,0.9532215239802568,-0.05693689086634668,0.02690327350317201,0.849754625148914,-0.6740200032451561
강원 춘천시,양식,t_30~33,-0.01859251288526198,0.03293263599312569,0.5723717584903244,25,-0.018420738338436493,0.7338345346052632,0.009069320527999684,0.8249616390352299,-0.0797781341051863,0.04702776866442471,0.9272643559326024,-0.33794434864179684
강원 춘천시,양식,t_33~35,0.008714127761727752,0.049050341437847804,0.8589924970320983,19,0.008752206299766474,0.7338345346052632,0.009069320527999684,0.8249616390352299,-0.08371198919896117,0.11054712243266751,0.975847335189919,0.12203075349840926
강원 춘천시,양식,t_35+,0.012622348591754928,0.0518297917421412,0.8075912700165478,11,0.012702346667264441,0.7338345346052632,0.009069320527999684,0.8249616390352299,-0.0851215309357205,0.12098609555683804,0.9842133385875522,0.10253562720463388
강원 춘천시,양식,r_0.1~10,-0.03875342657955261,0.023137209980784723,0.09394610542185544,37,-0.03801211945278127,0.7338345346052632,0.009069320527999684,0.8249616390352299,-0.08066285036348209,0.006617303222890003,0.30946952374258263,-1.0321004215556822
강원 춘천시,양식,r_10~30,-0.08715689997030207,0.08608022409708214,0.31129531000731714,9,-0.08346671969332387,0.7338345346052632,0.009069320527999684,0.8249616390352299,-0.22576059094887146,0.08497868241972006,0.38738971912021686,-0.5512568526106044
강원 춘천시,양식,r_30+,-0.06847487919633277,0.05612025022553038,0.22240966583366317,17,-0.06618308195966027,0.7338345346052632,0.009069320527999684,0.8249616390352299,-0.16345132355482372,0.04239485516119457,0.3277616128075036,-0.8256463295263579
강원 춘천시,양식,r30_lag1,-0.027829169416660804,0.034808579733879366,0.4240053769443758,18,-0.02744550533736445,0.7338345346052632,0.009069320527999684,0.8249616390352299,-0.09158502666882717,0.041222649182016236,0.849754625148914,-0.3625282734525199
강원 춘천시,연구/번역서비스,t_30~33,-0.08383129056753469,0.23101634508825236,0.7166942712462367,25,-0.08041361409390546,0.15126184736842105,0.0015041276924910307,0.40266411298155624,-0.41528067133448554,0.4462308319340269,0.9272643559326024,-0.304087795535386
강원 춘천시,연구/번역서비스,t_33~35,0.030165358095653794,0.29185621709129334,0.9176797061430992,19,0.0306249420416993,0.15126184736842105,0.0015041276924910307,0.40266411298155624,-0.4183421131703319,0.8261383455967921,0.975847335189919,0.08801532086678694
강원 춘천시,연구/번역서비스,t_35+,-0.0335160606575271,0.3656642026430531,0.9269697437343544,11,-0.03296062018161361,0.15126184736842105,0.0015041276924910307,0.40266411298155624,-0.5277363636964874,0.9801760928265093,0.9842133385875522,-0.054842527289877104
강원 춘천시,연구/번역서비스,r_0.1~10,-0.16532371644613375,0.1865156958425051,0.37541298352040964,37,-0.15238072862708252,0.15126184736842105,0.0015041276924910307,0.40266411298155624,-0.4119212904702443,0.22170453981790117,0.6180029312491611,-0.8528274490727061
강원 춘천시,연구/번역서비스,r_10~30,-0.604662909402776,0.2978690595679354,0.0423603892515735,9,-0.4537414657769616,0.15126184736842105,0.0015041276924910307,0.40266411298155624,-0.6953178771890536,-0.02062390973737238,0.1395401057698892,-0.6177039510697057
강원 춘천시,연구/번역서비스,r_30+,-0.55260649628769,0.24739664536032716,0.025503721352903422,17,-0.4245520490127065,0.15126184736842105,0.0015041276924910307,0.40266411298155624,-0.6456619653002866,-0.06546768377235568,0.07516886293487324,-1.0917149630410772
강원 춘천시,연구/번역서비스,r30_lag1,0.05887341045476191,0.23044265267748681,0.7983526517954811,18,0.0606409661838907,0.15126184736842105,0.0015041276924910307,0.40266411298155624,-0.3248323096351421,0.6661923773923093,0.9847543340174072,0.16510796228126262
강원 춘천시,예식장/결혼서비스,t_30~33,0.14226586066596772,0.25268286379671484,0.5734203093159875,25,0.15288311406912403,0.39915119093333334,0.0040794888014552165,0.6418541387394776,-0.29741757407222047,0.8917915189104759,0.9272643559326024,1.5255869263571875
강원 춘천시,예식장/결혼서비스,t_33~35,0.6409361453422913,0.31517730328491544,0.04199463721915908,19,0.8982570923139068,0.39915119093333334,0.0040794888014552165,0.6418541387394776,0.023459577445343216,2.52078388627174,0.3919499473788181,6.812267375066772
강원 춘천시,예식장/결혼서비스,t_35+,0.28698560642610466,0.44759668749570597,0.5214121829811402,11,0.3324050352673211,0.39915119093333334,0.0040794888014552165,0.6418541387394776,-0.44584115032285476,2.2035997964121816,0.8818153362136596,1.459478522691067
강원 춘천시,예식장/결혼서비스,r_0.1~10,-0.17922840368954662,0.17854308277268163,0.31545650892739785,35,-0.1640850484678099,0.39915119093333334,0.0040794888014552165,0.6418541387394776,-0.41090796190928214,0.18615387921345206,0.5888521499978093,-2.292315987859802
강원 춘천시,예식장/결혼서비스,r_10~30,0.1878197657474278,0.30472764817822434,0.5376616405066821,7,0.20661602221343234,0.39915119093333334,0.0040794888014552165,0.6418541387394776,-0.3359822677602222,1.1925953997512084,0.5790202282379653,0.5772972193267971
강원 춘천시,예식장/결혼서비스,r_30+,0.8102622852215766,0.27838854832518045,0.003607994721080005,17,1.2484976570483721,0.39915119093333334,0.0040794888014552165,0.6418541387394776,0.3029367179037974,2.8802665120113007,0.016837308698373358,8.471768553701681
강원 춘천시,예식장/결혼서비스,r30_lag1,0.6343122682397094,0.2057386654752521,0.002048583489603769,18,0.8857248225545251,0.39915119093333334,0.0040794888014552165,0.6418541387394776,0.25994048271620573,1.8223222883768977,0.11472067541781107,6.363686119713373
강원 춘천시,완구/아동용자전거,t_30~33,-0.08017978668193249,0.08177232163733185,0.32682714994046314,25,-0.07704960272015204,0.08398425934210525,0.0011427193622331419,0.8127318842040314,-0.21372882295450446,0.08338886214792507,0.9104648334728981,-0.16177384542638568
강원 춘천시,완구/아동용자전거,t_33~35,0.1538807672521627,0.11809279392693901,0.19255783043637376,19,0.1663518111560307,0.08398425934210525,0.0011427193622331419,0.8127318842040314,-0.07464803287616306,0.47011796129342254,0.8206987628594762,0.265447739352983
강원 춘천시,완구/아동용자전거,t_35+,0.21615179409070207,0.1459938631119101,0.13872546810270833,11,0.24129078530688042,0.08398425934210525,0.0011427193622331419,0.8127318842040314,-0.06760261611316065,0.6525173067997068,0.5964273504955082,0.2229109067908061
강원 춘천시,완구/아동용자전거,r_0.1~10,0.020620521085558785,0.06373565776237639,0.746292421453315,37,0.020834592922825745,0.08398425934210525,0.0011427193622331419,0.8127318842040314,-0.09904626223844659,0.1566667881272663,0.9085299043779487,0.06474178064675816
강원 춘천시,완구/아동용자전거,r_10~30,-0.08726746505436389,0.09960025013466865,0.3809337269542923,9,-0.08356805067056916,0.08398425934210525,0.0011427193622331419,0.8127318842040314,-0.24609126191199604,0.1139909584834986,0.44442268144667435,-0.06316560756208145
강원 춘천시,완구/아동용자전거,r_30+,-0.20337770684598322,0.06756877815916104,0.0026130262896228457,17,-0.18403001423560217,0.08398425934210525,0.0011427193622331419,0.8127318842040314,-0.2852428983932851,-0.06848492142061635,0.01614761131245997,-0.2627456155190003
강원 춘천시,완구/아동용자전거,r30_lag1,-0.06959751661843261,0.08865088537448267,0.4324101071788631,18,-0.06723083154575393,0.08398425934210525,0.0011427193622331419,0.8127318842040314,-0.21600548274424924,0.10977602836347322,0.849754625148914,-0.1016339686618318
강원 춘천시,유흥업소,t_30~33,-0.17267877077684401,0.10043015748586746,0.08554308782089247,25,-0.15859214377040176,0.4415299294736842,0.005398936337886179,0.5942391040796534,-0.3089353361207231,0.024458661438033102,0.5322681019966642,-1.7505794513506467
강원 춘천시,유흥업소,t_33~35,-0.3103241803523593,0.12252878076699288,0.011319953866395168,19,-0.2667907743325466,0.4415299294736842,0.005398936337886179,0.5942391040796534,-0.4233273996895499,-0.06776259472974189,0.15847935412953237,-2.238126123730299
강원 춘천시,유흥업소,t_35+,-0.37271351404545516,0.14523023041837335,0.010277116454422192,11,-0.3111374459759273,0.4415299294736842,0.005398936337886179,0.5942391040796534,-0.48178484492163065,-0.08429613899499844,0.16296419625818376,-1.5111414403621073
강원 춘천시,유흥업소,r_0.1~10,-0.03528855739091585,0.049358224830001386,0.4746412597902938,37,-0.03467317612512444,0.4415299294736842,0.005398936337886179,0.5942391040796534,-0.12368588894787791,0.0633811154467756,0.7183759607636879,-0.5664420653387284
강원 춘천시,유흥업소,r_10~30,-0.10213888325042486,0.10924542080558568,0.34981464760511083,9,-0.09709585530182319,0.4415299294736842,0.005398936337886179,0.5942391040796534,-0.2711300136147191,0.11849288589338647,0.41680043118906823,-0.38583653529240935
강원 춘천시,유흥업소,r_30+,-0.22227220277999304,0.11029909230111787,0.04388609812752461,17,-0.19930261738509092,0.4415299294736842,0.005398936337886179,0.5942391040796534,-0.354969981971472,-0.006067499795007425,0.10685310848440774,-1.4959672001653177
강원 춘천시,유흥업소,r30_lag1,-0.052766820016117544,0.08120784567075207,0.5158376326847339,18,-0.05139881849658445,0.4415299294736842,0.005398936337886179,0.5942391040796534,-0.19098206880746504,0.11226731430199344,0.849754625148914,-0.40849410070489733
강원 춘천시,의복/의류,t_30~33,0.04677960322582764,0.05591933034147581,0.4028426702768777,25,0.047891031824171426,1.0518605913157895,0.011276939688382006,0.7809216482275058,-0.06088964643294381,0.16927218447402592,0.9272643559326024,1.2593672263324063
강원 춘천시,의복/의류,t_33~35,0.07738338451066529,0.10545337677604232,0.46306083350005445,19,0.0804562271799818,1.0518605913157895,0.011276939688382006,0.7809216482275058,-0.12129428622591953,0.32852858534175966,0.8437987858522058,1.6079459592348897
강원 춘천시,의복/의류,t_35+,0.13116718364158908,0.12036162970288389,0.27581194460615543,11,0.14015838120911273,1.0518605913157895,0.011276939688382006,0.7809216482275058,-0.09944281302127256,0.4435075895653162,0.7750843365266039,1.6216978551012926
강원 춘천시,의복/의류,r_0.1~10,-0.10399194329761041,0.04246859892538986,0.014338138252572427,37,-0.09876744164553841,1.0518605913157895,0.011276939688382006,0.7809216482275058,-0.1707473431089278,-0.02053961782504299,0.10028427090810345,-3.843914444164879
강원 춘천시,의복/의류,r_10~30,-0.2535638197932686,0.07276088932933748,0.0004923362563338692,9,-0.2239697827433047,1.0518605913157895,0.011276939688382006,0.7809216482275058,-0.3271111795289011,-0.10501871962466391,0.005514166070939334,-2.1202648930191725
강원 춘천시,의복/의류,r_30+,-0.1290018770728678,0.06733241101821676,0.05537837230988849,17,-0.1210276843510506,1.0518605913157895,0.011276939688382006,0.7809216482275058,-0.22969859269555193,0.002974062297049551,0.1292162020564065,-2.164172277660306
강원 춘천시,의복/의류,r30_lag1,0.024670088537678936,0.06572768127630015,0.7074091978917627,18,0.024976913105996257,1.0518605913157895,0.011276939688382006,0.7809216482275058,-0.09891543302801531,0.1659035243835889,0.9662174410228954,0.4729001506004937
강원 춘천시,인테리어/건축자재/주방기구,t_30~33,0.27780841992574956,0.12603758177919752,0.027512299652749404,25,0.3202332425966927,0.9814477813157895,0.009925455388056437,0.8350421290917451,0.031253197882094685,0.6901919125555627,0.25675469497915787,7.857305136252125
강원 춘천시,인테리어/건축자재/주방기구,t_33~35,0.14246242655282781,0.17151319677969276,0.40618788776075243,19,0.1531097538349806,0.9814477813157895,0.009925455388056437,0.8350421290917451,-0.17609779480791787,0.6138591400897828,0.8206987628594762,2.8551153357838195
강원 춘천시,인테리어/건축자재/주방기구,t_35+,0.385825020176926,0.16964498438804165,0.02294744793310895,11,0.47082728319879363,0.9814477813157895,0.009925455388056437,0.8350421290917451,0.05476801396966535,1.0510035082123381,0.2141761807090169,5.0830163172623655
강원 춘천시,인테리어/건축자재/주방기구,r_0.1~10,0.10383776641688414,0.08747438155792024,0.2352020291431388,37,0.10942045505936027,0.9814477813157895,0.009925455388056437,0.8350421290917451,-0.065376983061465,0.3169093033208079,0.507471205876638,3.973447125397208
강원 춘천시,인테리어/건축자재/주방기구,r_10~30,-0.5406502456477669,0.444165862113885,0.22351823188523012,9,-0.4176305539689251,0.9814477813157895,0.009925455388056437,0.8350421290917451,-0.7561532525873599,0.39084968435777667,0.319089414645289,-3.6889432254223706
강원 춘천시,인테리어/건축자재/주방기구,r_30+,-0.12732647621939552,0.15304561320878032,0.40543650994142366,17,-0.11955381907041696,0.9814477813157895,0.009925455388056437,0.8350421290917451,-0.34772946889709555,0.18844166729830714,0.516010103561812,-1.9947091180663308
강원 춘천시,인테리어/건축자재/주방기구,r30_lag1,-0.19669467824871067,0.11567572853850598,0.08905624898311339,18,-0.1785586010448822,0.9814477813157895,0.009925455388056437,0.8350421290917451,-0.34519585687021426,0.03048519010912676,0.8012013725952379,-3.154426970946315
강원 춘천시,일반병원,t_30~33,-0.17327154822934965,0.0791300531987371,0.028545569370926685,25,-0.159090763576046,4.081275282368421,0.04339860325892255,0.9423468391327303,-0.2799009107614233,-0.018012445133314126,0.25675469497915787,-16.232330025900872
강원 춘천시,일반병원,t_33~35,-0.03342802324452698,0.07812424550829179,0.6687364284750135,19,-0.032875480788674194,4.081275282368421,0.04339860325892255,0.9423468391327303,-0.1701842115417781,0.12715357874493916,0.973962767477982,-2.549303855637083
강원 춘천시,일반병원,t_35+,-0.0030513384077242023,0.11250087519612564,0.9783617920181688,11,-0.0030466878060739777,4.081275282368421,0.04339860325892255,0.9423468391327303,-0.20032753491457989,0.2429037513355805,0.9842133385875522,-0.13677808799625296
강원 춘천시,일반병원,r_0.1~10,-0.0018834627676262983,0.04155219330804897,0.9638461583026856,37,-0.0018816901646796502,4.081275282368421,0.04339860325892255,0.9423468391327303,-0.07994861906063344,0.08280926594704052,0.9638461583026856,-0.28414873565276433
강원 춘천시,일반병원,r_10~30,-0.3812299706078286,0.26810712986596374,0.15504614055011012,9,-0.3169792031505789,4.081275282368421,0.04339860325892255,0.9423468391327303,-0.5961533067309739,0.15518442197084759,0.27133074596269274,-11.643114481589665
강원 춘천시,일반병원,r_30+,-0.1631834681721367,0.09332755088632663,0.08037703059880703,17,-0.15056467022982412,4.081275282368421,0.04339860325892255,0.9423468391327303,-0.292562128821481,0.019934624449430727,0.18004454854132776,-10.446429739117871
강원 춘천시,일반병원,r30_lag1,-0.04886069532053128,0.06776034737208986,0.47085971401220805,18,-0.047686217775081974,4.081275282368421,0.04339860325892255,0.9423468391327303,-0.16612433975199792,0.0875740629553905,0.849754625148914,-3.5031704744714345
강원 춘천시,일식,t_30~33,0.022250883063818838,0.03861555498201254,0.5644694992099446,25,0.022500280296940067,0.8518928594736843,0.009862255681619051,0.8421408080146601,-0.05203301634422286,0.10289370962624367,0.9272643559326024,0.4791957030279918
강원 춘천시,일식,t_33~35,0.06849794519112251,0.0650697504415721,0.29248542123661736,19,0.07089842445712913,0.8518928594736843,0.009862255681619051,0.8421408080146601,-0.05732977479819912,0.21656906609016602,0.8206987628594762,1.1475593693162918
강원 춘천시,일식,t_35+,0.0702830975016493,0.06888923543940395,0.30761779032175574,11,0.07281184862253642,0.8518928594736843,0.009862255681619051,0.8421408080146601,-0.0626886836556092,0.22790074383570813,0.7750843365266039,0.6823068331927935
강원 춘천시,일식,r_0.1~10,-0.050328494943783664,0.024962504404498164,0.04378286210768038,37,-0.049082998238158315,0.8518928594736843,0.009862255681619051,0.8421408080146601,-0.09448823016019414,-0.0014010039872809354,0.18860309831000777,-1.5470978616639202
강원 춘천시,일식,r_10~30,-0.20133321937823112,0.08113018244085399,0.013079147808213886,9,-0.18236006731455734,0.8518928594736843,0.009862255681619051,0.8421408080146601,-0.30256668595576397,-0.04143515077421134,0.06658475247817978,-1.3981611527857063
강원 춘천시,일식,r_30+,-0.168705438056024,0.06922946440695876,0.01481368293141719,17,-0.15524229978843995,0.8518928594736843,0.009862255681619051,0.8421408080146601,-0.2624306699165083,-0.032476618861112416,0.0491759930340273,-2.248246713526766
강원 춘천시,일식,r30_lag1,-0.04695433851311259,0.03361616502545684,0.16248017208496413,18,-0.045869036365796756,0.8518928594736843,0.009862255681619051,0.8421408080146601,-0.10670823055016698,0.01911371726419908,0.849754625148914,-0.7033590819172981
강원 춘천시,자동차서비스,t_30~33,-0.16879559782718356,0.10595242429677217,0.11113185166998396,25,-0.15531845951605283,1.6015793156578946,0.017344668678940748,0.9292945959294013,-0.3137150437928089,0.03963652179916144,0.565762153956282,-6.218870802518958
강원 춘천시,자동차서비스,t_33~35,-0.02010661618491838,0.10202527934898122,0.8437689676196123,19,-0.019905826165488194,1.6015793156578946,0.017344668678940748,0.9292945959294013,-0.19754232251804282,0.19705327338705958,0.975847335189919,-0.6057344295068242
강원 춘천시,자동차서비스,t_35+,-0.019368887726110895,0.11563422318862669,0.8669755905890716,11,-0.019182516030708308,1.6015793156578946,0.017344668678940748,0.9292945959294013,-0.21808713085544906,0.23031986660141257,0.9842133385875522,-0.3379455298676424
강원 춘천시,자동차서비스,r_0.1~10,-0.08317880676927392,0.053011382759197354,0.11663059010206633,37,-0.07981340308331475,1.6015793156578946,0.017344668678940748,0.9292945959294013,-0.1706235428545515,0.020939726284774363,0.3628507247619841,-4.729617333148608
강원 춘천시,자동차서비스,r_10~30,-0.616921321487776,0.39713650550026924,0.12032190742645228,9,-0.46039685241727357,1.6015793156578946,0.017344668678940748,0.9292945959294013,-0.7522435005641983,0.17523276904642238,0.24668704727968851,-6.636258682429552
강원 춘천시,자동차서비스,r_30+,-0.17695696063986377,0.08605371161672824,0.039748332300208244,17,-0.16218415719518808,1.6015793156578946,0.017344668678940748,0.9292945959294013,-0.29222018923840565,-0.008257404658898349,0.1011775731278028,-4.415763455350769
강원 춘천시,자동차서비스,r30_lag1,0.01827925690208132,0.056363381991447394,0.7457026983365307,18,0.018447345132513338,1.6015793156578946,0.017344668678940748,0.9292945959294013,-0.08807084404701426,0.1374074269218113,0.9832329703459175,0.5318079550746426
강원 춘천시,자동차용품,t_30~33,-0.004909250765281925,0.11422906826693088,0.9657196721663854,25,-0.0048972200889974005,1.4535562617105264,0.01427340552515553,0.8649519680965437,-0.20451097254552364,0.24480603554682379,0.9848522358814615,-0.17795962313341881
강원 춘천시,자동차용품,t_33~35,0.21460618899802242,0.1631383483970325,0.18834666962114088,19,0.23937372184078054,1.4535562617105264,0.01427340552515553,0.8649519680965437,-0.09980599147437941,0.7063513063203761,0.8206987628594762,6.6109202731417875
강원 춘천시,자동차용품,t_35+,0.2831757520254703,0.18559347461773887,0.12706340095762997,11,0.32733842373488553,1.4535562617105264,0.01427340552515553,0.8649519680965437,-0.07742578664810962,0.9096862513877895,0.5964273504955082,5.233852970701261
강원 춘천시,자동차용품,r_0.1~10,0.14930757192788946,0.11168482165348015,0.1812665820772632,37,0.16103003454377207,1.4535562617105264,0.01427340552515553,0.8649519680965437,-0.06722818424468924,0.4451452309600272,0.46060645393056615,8.660449956278804
강원 춘천시,자동차용품,r_10~30,-0.39793632716225424,0.3004800670387559,0.1853917478438023,9,-0.32829520434911774,1.4535562617105264,0.01427340552515553,0.8649519680965437,-0.6272611574411104,0.21046502533234035,0.29068533051815193,-4.294759949740772
강원 춘천시,자동차용품,r_30+,0.20814834501641588,0.1845983805441108,0.2594998478074413,17,0.23139582743457443,1.4535562617105264,0.01427340552515553,0.8649519680965437,-0.14244029955048787,0.7681983925182745,0.3568098209022174,5.71789651632064
강원 춘천시,자동차용품,r30_lag1,0.23828652371885184,0.12705061568712228,0.060720622474382764,18,0.2690727601838292,1.4535562617105264,0.01427340552515553,0.8649519680965437,-0.010675293284228893,0.627924239340063,0.680070971713087,7.040023117576915
강원 춘천시,장례식장/묘지/장의사,t_30~33,-0.8079885897279471,0.6643588992360545,0.2239114400439144,24,-0.5542462411924003,0.16954335466666665,0.0019387600991478814,0.2498424737749031,-0.8787780398290671,0.6391123622396924,0.7836900401537004,-2.2552504090356
강원 춘천시,장례식장/묘지/장의사,t_33~35,0.11143080722827194,0.8228977684230321,0.8922855848313584,19,0.11787639236343739,0.16954335466666665,0.0019387600991478814,0.2498424737749031,-0.7771928809699419,4.608652156374358,0.975847335189919,0.37971802094872703
강원 춘천시,장례식장/묘지/장의사,t_35+,-0.17372245904504002,0.9038828828309847,0.8475888657836536,11,-0.15946985317154105,0.16954335466666665,0.0019387600991478814,0.2498424737749031,-0.8570603705290831,3.9425826157693837,0.9842133385875522,-0.29740759262394223
강원 춘천시,장례식장/묘지/장의사,r_0.1~10,-0.9884737223337335,0.4398761807288232,0.02462957636087749,37,-0.6278557467545485,0.16954335466666665,0.0019387600991478814,0.2498424737749031,-0.8428620247873599,-0.1186640591734267,0.12538693420083086,-3.9386044734059165
강원 춘천시,장례식장/묘지/장의사,r_10~30,-0.7881143833226092,1.1568827040265541,0.4957198548812465,9,-0.5452986200613585,0.16954335466666665,0.0019387600991478814,0.2498424737749031,-0.952905755515821,3.3902040935716125,0.5443198406539177,-0.8320658160627614
강원 춘천시,장례식장/묘지/장의사,r_30+,-1.6091583544180013,0.6345746307144255,0.01121887652430792,16,-0.7999440805807834,0.16954335466666665,0.0019387600991478814,0.2498424737749031,-0.9423246052534133,-0.3060754751568181,0.041883805690749565,-2.170003247478533
강원 춘천시,장례식장/묘지/장의사,r30_lag1,0.034616873211172974,0.47327074600687424,0.9416915994824667,17,0.03522301114374682,0.16954335466666665,0.0019387600991478814,0.2498424737749031,-0.5905718254356598,1.6175206040519186,0.9893297886476076,0.10152106700312771
강원 춘천시,정육점,t_30~33,-0.013215497658915387,0.08174618028105117,0.8715696541497571,25,-0.013128556381889034,1.066922132236842,0.012304787174745807,0.6816125705477597,-0.15923073201553606,0.1583620897129301,0.9386134736997384,-0.35017868420391624
강원 춘천시,정육점,t_33~35,-0.008955827394066418,0.0933501392622889,0.9235697993761732,19,-0.008915843424117886,1.066922132236842,0.012304787174745807,0.6816125705477597,-0.17462883788640204,0.19006799668212593,0.975847335189919,-0.18073770285824398
강원 춘천시,정육점,t_35+,-0.06688928380679293,0.09412107934040742,0.47728706605583027,11,-0.06470125167856766,1.066922132236842,0.012304787174745807,0.6816125705477597,-0.22226279863393383,0.12478064193806504,0.8818153362136596,-0.7593431713921897
강원 춘천시,정육점,r_0.1~10,-0.023601387052358258,0.055469976729090514,0.670486517675976,37,-0.02332505254514461,1.066922132236842,0.012304787174745807,0.6816125705477597,-0.1239416156290335,0.08884746725056014,0.8731917439501082,-0.9207825474520765
강원 춘천시,정육점,r_10~30,-0.24526357206600657,0.08606048144588091,0.004373328654616977,9,-0.2175017336254037,1.066922132236842,0.012304787174745807,0.6816125705477597,-0.33896078604928637,-0.07372584869843846,0.027211822739838968,-2.0885167206434283
강원 춘천시,정육점,r_30+,-0.02594890961683083,0.09118503267199289,0.7759703638193358,17,-0.02561512996654769,1.066922132236842,0.012304787174745807,0.6816125705477597,-0.18508508800681212,0.16506135913984132,0.8198932146015624,-0.4645989343843592
강원 춘천시,정육점,r30_lag1,0.0043289656896490225,0.07504007674539058,0.953996581910193,18,0.004338349197027913,1.066922132236842,0.012304787174745807,0.6816125705477597,-0.1330288554730742,0.16347069453876584,0.9893297886476076,0.08331625396225824
강원 춘천시,제과점,t_30~33,0.008467963860139482,0.018457791865691683,0.64639612292801,25,0.008503918481930661,0.8051700889473684,0.009364905972007532,0.8429746759633516,-0.027328926782590024,0.04565683261156517,0.9272643559326024,0.171177520012432
강원 춘천시,제과점,t_33~35,0.013676323952767078,0.02519013097243615,0.5871822049945647,19,0.013770272673679917,0.8051700889473684,0.009364905972007532,0.8429746759633516,-0.0350667323737357,0.06507900622504526,0.9208606861932869,0.21066082179643114
강원 춘천시,제과점,t_35+,-0.028039411863947983,0.032730397099254016,0.3916228526015477,11,-0.027649956081576943,0.8051700889473684,0.009364905972007532,0.8429746759633516,-0.08806903694573509,0.036772131019197296,0.8302798369205107,-0.2448920935735355
강원 춘천시,제과점,r_0.1~10,-0.019156408607741815,0.0168558676286023,0.2557544367217125,37,-0.01897409065419753,0.8051700889473684,0.009364905972007532,0.8429746759633516,-0.05085519887346501,0.013977881631419109,0.5304536465339222,-0.5652626996102192
강원 춘천시,제과점,r_10~30,-0.030134597392133866,0.022329629932075053,0.17716546990962623,9,-0.029685077099391943,0.8051700889473684,0.009364905972007532,0.8429746759633516,-0.07123605853019177,0.013724809464105592,0.29068533051815193,-0.21511382551674213
강원 춘천시,제과점,r_30+,-0.03610296514918243,0.02116958340135518,0.08811669994777671,17,-0.035459025735306016,0.8051700889473684,0.009364905972007532,0.8429746759633516,-0.07466120958263822,0.005403967357585637,0.18978981527213445,-0.48535929738981726
강원 춘천시,제과점,r30_lag1,-0.014391162733337293,0.016953108244881786,0.39594779937059843,18,-0.014288104917178135,0.8051700889473684,0.009364905972007532,0.8429746759633516,-0.046503242801876676,0.019015463631909535,0.849754625148914,-0.20707838472696571
강원 춘천시,종합레저타운/놀이동산,t_30~33,-0.007265304459283639,0.1770383933641401,0.9672655888121496,25,-0.007238975935007441,0.43551209434210525,0.005895502239648096,0.8369980214469033,-0.2983078861718971,0.404568230823831,0.9848522358814615,-0.07881653925867975
강원 춘천시,종합레저타운/놀이동산,t_33~35,0.17554081447669034,0.20236066615688322,0.3856872287793014,19,0.191890634051038,0.43551209434210525,0.005895502239648096,0.8369980214469033,-0.198352337482542,0.7721043170978472,0.8206987628594762,1.5878431464838392
강원 춘천시,종합레저타운/놀이동산,t_35+,-0.14788486042064486,0.23860000921706992,0.5353878827011505,11,-0.1374695793852604,0.43551209434210525,0.005895502239648096,0.8369980214469033,-0.45965144665179736,0.37681265523150187,0.8818153362136596,-0.6585663086904335
강원 춘천시,종합레저타운/놀이동산,r_0.1~10,-0.3903571772639609,0.14677929530667216,0.007826046312288224,37,-0.32318491164098817,0.43551209434210525,0.005895502239648096,0.8369980214469033,-0.4923913975908901,-0.09757505752192497,0.08765171869762811,-5.207784695955795
강원 춘천시,종합레저타운/놀이동산,r_10~30,-0.4971845183919834,0.2340378404029218,0.03363866268672467,9,-0.3917592581474836,0.43551209434210525,0.005895502239648096,0.8369980214469033,-0.6155335252255106,-0.0377397658240568,0.12558434069710545,-1.5355430549434803
강원 춘천시,종합레저타운/놀이동산,r_30+,-0.7511383054500893,0.2549762795279912,0.0032200144904098674,17,-0.5281708387645438,0.43551209434210525,0.005895502239648096,0.8369980214469033,-0.7137505980360996,-0.22227695196991315,0.016392801042086597,-3.910421398733139
강원 춘천시,종합레저타운/놀이동산,r30_lag1,-0.31016497121043185,0.20391552765785365,0.12824820366111558,18,-0.2666740314278525,0.43551209434210525,0.005895502239648096,0.8369980214469033,-0.5082768408053047,0.09363768235563641,0.8012013725952379,-2.090515786808336
강원 춘천시,종합병원,t_30~33,-0.016871777037148483,0.1033852920966028,0.8703663171037661,25,-0.016730245686596645,2.200415606973684,0.023997754448592923,0.8327489760020238,-0.19708542221854397,0.20413732232757842,0.9386134736997384,-0.9203373429322854
강원 춘천시,종합병원,t_33~35,0.07493033134867666,0.11449257109409211,0.5128181713515276,19,0.07780905876537036,2.200415606973684,0.023997754448592923,0.8327489760020238,-0.1388401262518466,0.348962489509149,0.870236896838956,3.253033078153816
강원 춘천시,종합병원,t_35+,-0.10889647696682703,0.15884804467415875,0.49300406867233537,11,-0.1031767454437027,2.200415606973684,0.023997754448592923,0.8327489760020238,-0.34310996210493117,0.22439358722840974,0.8818153362136596,-2.4973489304618184
강원 춘천시,종합병원,r_0.1~10,0.05650205058118096,0.09010281147452749,0.5306040352333234,37,0.05812878457697401,2.200415606973684,0.023997754448592923,0.8327489760020238,-0.11316777192198935,0.26251221967528116,0.7428456493266528,4.732576937510638
강원 춘천시,종합병원,r_10~30,0.1398572184294835,0.0917199524124605,0.12730182229987824,9,0.15010957268221703,2.200415606973684,0.023997754448592923,0.8327489760020238,-0.03912782207237275,0.3766160156995424,0.24668704727968851,2.9727310183749083
강원 춘천시,종합병원,r_30+,0.13604597891760317,0.13944678484224782,0.3292566964640776,17,0.14573457201928597,2.200415606973684,0.023997754448592923,0.8327489760020238,-0.12826492941630507,0.5058562558934974,0.43900892861877017,5.4515026546967436
강원 춘천시,종합병원,r30_lag1,0.06688398342478363,0.08045133089883814,0.4057705346339193,18,0.06917142937132592,2.200415606973684,0.023997754448592923,0.8327489760020238,-0.08680023817206506,0.25178257065655263,0.849754625148914,2.739706069416182
강원 춘천시,주유소,t_30~33,0.030788249644313925,0.02329634359008426,0.18630421571582534,25,0.031267109587540975,7.489497631578947,0.08548511783747106,0.7820267476855663,-0.014762533172453463,0.07944722681074778,0.7836900401537004,5.854373580055188
강원 춘천시,주유소,t_33~35,0.02746930455604435,0.024862568918110554,0.2692264161519128,19,0.027850064308978517,7.489497631578947,0.08548511783747106,0.7820267476855663,-0.021036901800823404,0.07917832310878792,0.8206987628594762,3.9630768229469036
강원 춘천시,주유소,t_35+,0.04616411130275555,0.02761846185524563,0.094624014061214,11,0.04724626180354874,7.489497631578947,0.08548511783747106,0.7820267476855663,-0.007936412980500407,0.10549842491089256,0.5887716430475537,3.8923584246650087
강원 춘천시,주유소,r_0.1~10,-0.048046722960109145,0.015839014515567764,0.002417816339696214,37,-0.04691074511406157,7.489497631578947,0.08548511783747106,0.7820267476855663,-0.0760443362171116,-0.0168585318694634,0.04513257167432933,-12.999502833812608
강원 춘천시,주유소,r_10~30,-0.11857295462993589,0.03173180205622106,0.00018643410792697755,9,-0.11181298406194817,7.489497631578947,0.08548511783747106,0.7820267476855663,-0.16537043446859778,-0.054818798830029714,0.0034801033479702477,-7.536807713805619
강원 춘천시,주유소,r_30+,-0.13549389885878904,0.03148960808818358,1.6864308909618686e-05,17,-0.12671550905577766,7.489497631578947,0.08548511783747106,0.7820267476855663,-0.17898469738774547,-0.07111865065457978,0.00023610032473466163,-16.133603584278646
강원 춘천시,주유소,r30_lag1,-0.007349670325672353,0.01908123758631681,0.7001056428815607,18,-0.007322727545981289,7.489497631578947,0.08548511783747106,0.7820267476855663,-0.04376243322841833,0.03050559974719791,0.9662174410228954,-0.987183911021846
강원 춘천시,중식,t_30~33,-0.0017750794135242831,0.024537601942594717,0.9423303827722882,25,-0.0017735048918335883,0.9830372042105263,0.011870426066127192,0.8678451522257785,-0.04864574624328777,0.04740808337285851,0.9848522358814615,-0.04358553226304456
강원 춘천시,중식,t_33~35,0.0007163626953783364,0.036928065254293624,0.9845229127529926,19,0.000716619344415026,0.9830372042105263,0.011870426066127192,0.8678451522257785,-0.06915513217036473,0.0758331348671073,0.9845229127529926,0.01338480605952162
강원 춘천시,중식,t_35+,0.041219774359615435,0.04039638736937232,0.3075470007089215,11,0.04208110308776214,0.9830372042105263,0.011870426066127192,0.8678451522257785,-0.03724580105033182,0.12794421109492227,0.7750843365266039,0.45504018922437506
강원 춘천시,중식,r_0.1~10,-0.04142930704384562,0.016626280821921843,0.01270988632203011,37,-0.04058284302079984,0.9830372042105263,0.011870426066127192,0.8678451522257785,-0.07134392392163369,-0.008802822899556806,0.10028427090810345,-1.4760944480570246
강원 춘천시,중식,r_10~30,-0.07687206344705899,0.0637555370896062,0.22792101046092073,9,-0.07399168365953579,0.9830372042105263,0.011870426066127192,0.8678451522257785,-0.18276853727935094,0.04926381453428452,0.319089414645289,-0.6546292005554977
강원 춘천시,중식,r_30+,-0.005424849042039437,0.04029050582268298,0.8928938581574712,17,-0.005410161120396828,0.9830372042105263,0.011870426066127192,0.8678451522257785,-0.08093114945899893,0.07631647729140933,0.9091282919421526,-0.09041262425609757
강원 춘천시,중식,r30_lag1,-0.022818109486939075,0.022496028201322377,0.3104313949555799,18,-0.022559745285220423,0.9830372042105263,0.011870426066127192,0.8678451522257785,-0.06472093105016052,0.02150201288010667,0.849754625148914,-0.39918724079192436
강원 춘천시,치과병원,t_30~33,-0.19815759733563665,0.15642882641976666,0.20524153675133994,25,-0.17975942477806506,1.9060461968421054,0.02093775014397813,0.8205524532288426,-0.3963484171760965,0.1145412691424641,0.7836900401537004,-8.565744198618885
강원 춘천시,치과병원,t_33~35,-0.2238897050380695,0.17396720201504295,0.1981064778250683,19,-0.2005967003363146,1.9060461968421054,0.02093775014397813,0.8205524532288426,-0.43156335874803375,0.12421612038539132,0.8206987628594762,-7.264584977727051
강원 춘천시,치과병원,t_35+,-0.584686971254234,0.22967160954218266,0.010904261034085021,11,-0.4427197207412311,1.9060461968421054,0.02093775014397813,0.8205524532288426,-0.6447179599616821,-0.12587388426041224,0.16296419625818376,-9.282286639844049
강원 춘천시,치과병원,r_0.1~10,0.02015869374201751,0.09408172684753818,0.8303381512773219,37,0.02036325244191972,1.9060461968421054,0.02093775014397813,0.8205524532288426,-0.15146291683042423,0.22698369651074635,0.9299787294306004,1.4360920952735017
강원 춘천시,치과병원,r_10~30,-0.9360946858060064,0.6565035451989049,0.15390324251818327,9,-0.6078436575038398,1.9060461968421054,0.02093775014397813,0.8205524532288426,-0.8916990804663547,0.4199934554774436,0.27133074596269274,-10.427202824938103
강원 춘천시,치과병원,r_30+,-0.1987697920869249,0.15729804580138843,0.20635541282945224,17,-0.1802614180784995,1.9060461968421054,0.02093775014397813,0.8205524532288426,-0.3977447750794628,0.1157584274662522,0.32099730884581457,-5.840972036220108
강원 춘천시,치과병원,r30_lag1,0.018056119231496304,0.16193447429738583,0.9112177828139434,18,0.018220116516881824,1.9060461968421054,0.02093775014397813,0.8205524532288426,-0.2586893052410659,0.39856636766423414,0.9893297886476076,0.6251109082744073
강원 춘천시,커피전문점,t_30~33,0.07633467487102141,0.027313609655775787,0.005194007402045276,25,0.07932373625019418,0.8288769480263157,0.010300817695837454,0.8389048947735682,0.02306190664772312,0.13867960488358744,0.1322917534635984,1.6437404102276343
강원 춘천시,커피전문점,t_33~35,0.12542266440258665,0.024329834867941786,2.5349935587421453e-07,19,0.1336274958108099,0.8288769480263157,0.010300817695837454,0.8389048947735682,0.08083748322365514,0.18899586589593032,1.4195963928956014e-05,2.1044542671012048
강원 춘천시,커피전문점,t_35+,0.17935803115388982,0.030933964655580626,6.707290302977413e-09,11,0.1964490335208846,0.8288769480263157,0.010300817695837454,0.8389048947735682,0.12606297974233072,0.27123466055212764,3.7560825696673515e-07,1.7911528288226126
강원 춘천시,커피전문점,r_0.1~10,-0.07497035950564301,0.014037487191627286,9.257557238104726e-08,37,-0.07222901448833319,0.8288769480263157,0.010300817695837454,0.8389048947735682,-0.09740725941291473,-0.04634841069360396,5.184232053338647e-06,-2.215151708257412
강원 춘천시,커피전문점,r_10~30,-0.05925833335715547,0.032394101266531646,0.06735558499294608,9,-0.057536731993800716,0.8288769480263157,0.010300817695837454,0.8389048947735682,-0.11551592656805587,0.004243081613011901,0.18859563798024903,-0.4292178373298665
강원 춘천시,커피전문점,r_30+,-0.15350683171241464,0.03226138571264205,1.9530574172096106e-06,17,-0.14230509534611557,0.8288769480263157,0.010300817695837454,0.8389048947735682,-0.1948600354808906,-0.08631966876887531,5.46856076818691e-05,-2.0052080230243963
강원 춘천시,커피전문점,r30_lag1,0.033461271850316665,0.029802810603531783,0.26154131634995825,18,0.03402739698300827,0.8288769480263157,0.010300817695837454,0.8389048947735682,-0.024643503066098638,0.09622754456713789,0.849754625148914,0.5076814492900037
강원 춘천시,패션잡화,t_30~33,-0.0695445200853475,0.07390756616502774,0.3467221917139396,25,-0.06718139670373113,0.48011492815789475,0.005980396037611449,0.5576844835335988,-0.19297719309641637,0.07822299346685013,0.9104648334728981,-0.8063697862989725
강원 춘천시,패션잡화,t_33~35,0.03933673457730702,0.10056734021603364,0.6956876910557015,19,0.04012066928096236,0.48011492815789475,0.005980396037611449,0.5576844835335988,-0.14595829564461416,0.26674259716864435,0.973962767477982,0.3659881127400421
강원 춘천시,패션잡화,t_35+,0.174903164021599,0.2099916588246291,0.4048981445408468,11,0.1911308667045568,0.48011492815789475,0.005980396037611449,0.5576844835335988,-0.21075657894798583,0.7976617907377459,0.8302798369205107,1.0094126057027588
강원 춘천시,패션잡화,r_0.1~10,-0.024154658248789262,0.03652051142402351,0.5083559664946098,37,-0.023865269204907835,0.48011492815789475,0.005980396037611449,0.5576844835335988,-0.09129508242855322,0.04856812617555817,0.7299470288127731,-0.42394866436197626
강원 춘천시,패션잡화,r_10~30,-0.3654354420855701,0.23775160168168064,0.12428174264947554,9,-0.3061055657557793,0.48011492815789475,0.005980396037611449,0.5576844835335988,-0.5645732008277489,0.1057874407143089,0.24668704727968851,-1.3226926654041093
강원 춘천시,패션잡화,r_30+,-0.147899680695609,0.09514093127756519,0.1200574231564436,17,-0.13748236222853594,0.48011492815789475,0.005980396037611449,0.5576844835335988,-0.2842153361008273,0.039330280442637866,0.2401148463128872,-1.1221246858936305
강원 춘천시,패션잡화,r30_lag1,0.052786047930134306,0.07594719462722013,0.4870326290823238,18,0.054204071846049695,0.48011492815789475,0.005980396037611449,0.5576844835335988,-0.09159998618185827,0.2234106210827056,0.849754625148914,0.46843531308416725
강원 춘천시,패스트푸드,t_30~33,0.018599378189645632,0.01841730486328125,0.3125499147269919,25,0.0187734239975621,0.5421294980263158,0.006651875262503154,0.8376703929678084,-0.017346329015408224,0.05622084371167091,0.9104648334728981,0.2544406732008383
강원 춘천시,패스트푸드,t_33~35,0.022672514747791972,0.02840272188999852,0.42472456922686797,19,0.022931489711372155,0.5421294980263158,0.006651875262503154,0.8376703929678084,-0.03245836378497835,0.08149230325275947,0.8206987628594762,0.23620490311821443
강원 춘천시,패스트푸드,t_35+,0.001595095797959356,0.05285847509890037,0.9759261088593981,11,0.00159636863994006,0.5421294980263158,0.006651875262503154,0.8376703929678084,-0.09697723493019816,0.11093022731843272,0.9842133385875522,0.009519823823792229
강원 춘천시,패스트푸드,r_0.1~10,-0.021619389311297255,0.01604735711445866,0.1779080068693557,37,-0.021387365394080482,0.5421294980263158,0.006651875262503154,0.8376703929678084,-0.051688466860012494,0.009881937678562602,0.46060645393056615,-0.4290047016123352
강원 춘천시,패스트푸드,r_10~30,0.016474088007033316,0.017253133525919864,0.3396555086191495,9,0.016610534039752656,0.5421294980263158,0.006651875262503154,0.8376703929678084,-0.01719254579604701,0.05157625076998951,0.4134936626667907,0.08104554432828126
강원 춘천시,패스트푸드,r_30+,-0.001967750791008527,0.02277526130304608,0.9311495563257761,17,-0.0019658160386656354,0.5421294980263158,0.006651875262503154,0.8376703929678084,-0.045537823344870554,0.0435952903299508,0.9311495563257761,-0.018117356658315986
강원 춘천시,패스트푸드,r30_lag1,-8.074793569989858e-05,0.02230264142404119,0.9971112215261947,18,-8.074467567309451e-05,0.5421294980263158,0.006651875262503154,0.8376703929678084,-0.04284881804072105,0.04459832053040658,0.9971112215261947,-0.0007879332688371432
강원 춘천시,편의점,t_30~33,0.0025066487365155155,0.008502788803470163,0.7681442767326983,25,0.0025097930071047436,4.486022717236842,0.053597909469794015,0.8012874497113278,-0.014059052669204819,0.019357079950904632,0.9272643559326024,0.28147471113585115
강원 춘천시,편의점,t_33~35,0.003204999628487748,0.012713449264675868,0.8009674743439019,19,0.0032101411311677985,4.486022717236842,0.053597909469794015,0.8012874497113278,-0.02147932288694354,0.028522555330873667,0.975847335189919,0.2736145547591472
강원 춘천시,편의점,t_35+,0.03536296081140211,0.024296421096386377,0.14553635671179788,11,0.035995666394242676,4.486022717236842,0.053597909469794015,0.8012874497113278,-0.012183200996383037,0.08652436552025145,0.5964273504955082,1.7762511488331654
강원 춘천시,편의점,r_0.1~10,-0.009963516965246333,0.008306101927437503,0.23031731769318842,37,-0.009914045569447416,4.486022717236842,0.053597909469794015,0.8012874497113278,-0.0259021094480838,0.00633643360550229,0.507471205876638,-1.6455614448377078
강원 춘천시,편의점,r_10~30,-0.030079346866357604,0.019749542368666613,0.12774864948412443,9,-0.02963146520870419,4.486022717236842,0.053597909469794015,0.8012874497113278,-0.06647585369137954,0.008667099867078365,0.24668704727968851,-1.1963468346413408
강원 춘천시,편의점,r_30+,-0.07277498842848429,0.01635211554466063,8.56730774365475e-06,17,-0.07018997549585437,4.486022717236842,0.053597909469794015,0.8012874497113278,-0.09951802830669976,-0.03990672901238235,0.00015992307788155534,-5.3528550181439
강원 춘천시,편의점,r30_lag1,-0.001317616942358546,0.01623627958004272,0.9353205634896575,18,-0.001316749266285222,4.486022717236842,0.053597909469794015,0.8012874497113278,-0.03259758761675302,0.030975551155584258,0.9893297886476076,-0.10632540818628809
강원 춘천시,학원/학습지,t_30~33,-0.040870763273631816,0.09983278078813697,0.6822518517319828,25,-0.04004681686163236,1.609358072631579,0.018515908095025107,0.8828206488204073,-0.21064807131088814,0.1674261889089821,0.9272643559326024,-1.6112416999866621
강원 춘천시,학원/학습지,t_33~35,0.06286584520442684,0.0864490759264334,0.46710289931104254,19,0.06488397035689508,1.609358072631579,0.018515908095025107,0.8828206488204073,-0.10109178240614813,0.26150573343119965,0.8437987858522058,1.9840092880868863
강원 춘천시,학원/학습지,t_35+,0.14621412654212307,0.10574109550424868,0.16673971693522072,11,0.1574440009998197,1.609358072631579,0.018515908095025107,0.8828206488204073,-0.05921290656643918,0.4239955297017257,0.622494943224824,2.7872215139612164
강원 춘천시,학원/학습지,r_0.1~10,0.051131342750919684,0.07702167257546676,0.5067821201988743,37,0.05246111734402903,1.609358072631579,0.018515908095025107,0.8828206488204073,-0.09500977414159817,0.22396283614045664,0.7299470288127731,3.1238627397847694
강원 춘천시,학원/학습지,r_10~30,-0.34538643055406215,0.1723953080079311,0.0451283556650122,9,-0.2920532716438319,1.609358072631579,0.018515908095025107,0.8828206488204073,-0.49504261239618996,-0.007463634568240063,0.1403993287355935,-4.2301646132261785
강원 춘천시,학원/학습지,r_30+,0.041527141081175056,0.08188927903545631,0.6120753359148865,17,0.04240145337000345,1.609358072631579,0.018515908095025107,0.8828206488204073,-0.11217075471702465,0.2238848807481737,0.6855243762246729,1.160065061629551
강원 춘천시,학원/학습지,r30_lag1,0.0077224699948510445,0.08933886457560061,0.9311164855343919,18,0.007752365171581177,1.609358072631579,0.018515908095025107,0.8828206488204073,-0.15412332528729178,0.2006062584168553,0.9893297886476076,0.22457396647569716
강원 춘천시,한식,t_30~33,-0.007046545075820365,0.02353889364758371,0.7646672628068947,25,-0.007021776389103396,11.850466354605262,0.14680582836476264,0.9172455750678139,-0.051793313375240735,0.0398637411799343,0.9272643559326024,-2.0802831212157855
강원 춘천시,한식,t_33~35,-0.0017949719776817474,0.025682777364634608,0.9442811298368305,19,-0.0017933619789263222,11.850466354605262,0.14680582836476264,0.9172455750678139,-0.050797590160232664,0.049740794861169224,0.9792545050159724,-0.40379134006499917
강원 춘천시,한식,t_35+,0.014140849415550605,0.03123096184474443,0.6507049872313586,11,0.014241304173342462,11.850466354605262,0.14680582836476264,0.9172455750678139,-0.04598113757957745,0.07826528762899376,0.9597090119573402,1.8564270554708378
강원 춘천시,한식,r_0.1~10,-0.038475709958423976,0.011863635347148448,0.0011821032541847122,37,-0.03774492232820503,11.850466354605262,0.14680582836476264,0.9172455750678139,-0.05986183947713031,-0.015107700776466726,0.033098891117171944,-16.549912487980556
강원 춘천시,한식,r_10~30,-0.07640822497000599,0.023955713662204007,0.001424887563452858,9,-0.07356206574338864,11.850466354605262,0.14680582836476264,0.9172455750678139,-0.11605587357880354,-0.02902545491807884,0.011399100507622864,-7.845703065605586
강원 춘천시,한식,r_30+,-0.09234513107330411,0.032758884283953474,0.004818343182679684,17,-0.08820959196747602,11.850466354605262,0.14680582836476264,0.9172455750678139,-0.14491341337787034,-0.027745539239171113,0.020755939863850947,-17.77052162998856
강원 춘천시,한식,r30_lag1,-0.04995837257932134,0.03189190066814019,0.11723373439041095,18,-0.048730977447693724,11.850466354605262,0.14680582836476264,0.9172455750678139,-0.10637271499237289,0.01262883133642978,0.8012013725952379,-10.3947265560766
강원 춘천시,한의원,t_30~33,-0.0314963589979238,0.12110013787910795,0.794798019370802,25,-0.031005515441753118,0.31418342710526315,0.003599743636948412,0.7767137343686839,-0.23574412368191966,0.22858108154541035,0.9272643559326024,-0.2435354775163788
강원 춘천시,한의원,t_33~35,0.1590422900773536,0.1380397487690727,0.24926005434775744,19,0.1723875259915164,0.31418342710526315,0.003599743636948412,0.7767137343686839,-0.10552257821592248,0.5366430472431807,0.8206987628594762,1.0290647704180327
강원 춘천시,한의원,t_35+,0.2744468643212312,0.17042828439080007,0.10732444405369505,11,0.31580265614428615,0.31418342710526315,0.003599743636948412,0.7767137343686839,-0.05785168802141405,0.837647648362724,0.5964273504955082,1.0914195687599249
강원 춘천시,한의원,r_0.1~10,-0.1276122949710513,0.09284564546739002,0.1693000258466929,37,-0.11980543113931374,0.31418342710526315,0.003599743636948412,0.7767137343686839,-0.2662520928334753,0.055870104002928134,0.46060645393056615,-1.3927125948234085
강원 춘천시,한의원,r_10~30,-0.5130187416544252,0.34786447756108313,0.1402754360202661,9,-0.40131442885749924,0.31418342710526315,0.003599743636948412,0.7767137343686839,-0.6972455256625953,0.18387817018610408,0.2618474805711634,-1.134777083447164
강원 춘천시,한의원,r_30+,-0.23532677308764027,0.11210284123385653,0.03579888983790022,17,-0.2096874454445583,0.31418342710526315,0.003599743636948412,0.7767137343686839,-0.36558270173447827,-0.015484073975332246,0.09546370623440059,-1.1199654439222269
강원 춘천시,한의원,r30_lag1,-0.19755353939323328,0.09169347718074039,0.031201030832899736,18,-0.17926380226663396,0.31418342710526315,0.003599743636948412,0.7767137343686839,-0.31427098740255677,-0.01767623376719507,0.43681443166059636,-1.0137908835369234
강원 춘천시,할인점/슈퍼마켓/양판점,t_30~33,0.02879467065160357,0.03709612440137881,0.43762042047943817,25,0.029213245092782003,13.017780705131578,0.15829894319380353,0.8109745887733721,-0.04296348558655427,0.1068333213217394,0.9272643559326024,9.507290457577433
강원 춘천시,할인점/슈퍼마켓/양판점,t_33~35,0.02861776044185671,0.04268166732364262,0.5025435482760956,19,0.029031182866526617,13.017780705131578,0.15829894319380353,0.8109745887733721,-0.053551108843677864,0.11881918316578877,0.870236896838956,7.180509871173316
강원 춘천시,할인점/슈퍼마켓/양판점,t_35+,0.04866815564931937,0.06801128283695795,0.4742448973936414,11,0.04987189886875543,13.017780705131578,0.15829894319380353,0.8109745887733721,-0.08115144063660107,0.19957852989173652,0.8818153362136596,7.141435871041536
강원 춘천시,할인점/슈퍼마켓/양판점,r_0.1~10,0.0049292635441529065,0.032882579822773046,0.880839556889302,37,0.004941432349897745,13.017780705131578,0.15829894319380353,0.8109745887733721,-0.05778386957909731,0.0718424890500684,0.9314026496183438,2.380079859907839
강원 춘천시,할인점/슈퍼마켓/양판점,r_10~30,-0.042261844184732666,0.031347610607878544,0.17760436780889288,9,-0.04138126103514739,13.017780705131578,0.15829894319380353,0.8109745887733721,-0.09850714403231775,0.019364580219710437,0.29068533051815193,-4.848229633116194
강원 춘천시,할인점/슈퍼마켓/양판점,r_30+,-0.026220958975008646,0.032567849604350184,0.4207516420799272,17,-0.025880174690800284,13.017780705131578,0.15829894319380353,0.8109745887733721,-0.0861181146852561,0.038328310593024106,0.5160553676895703,-5.727341458500687
강원 춘천시,할인점/슈퍼마켓/양판점,r30_lag1,0.004082905443329121,0.030740250752656545,0.8943361139957164,18,0.004091251857098799,13.017780705131578,0.15829894319380353,0.8109745887733721,-0.0546196881365445,0.06644831651790684,0.9893297886476076,0.9586623507331407
강원 춘천시,헬스장,t_30~33,-0.020241590761091555,0.10046228542440831,0.8403197682535365,25,-0.02003810503386838,0.5676038897368422,0.006600764436270568,0.8250648245622969,-0.19518888608294738,0.19323068354717954,0.9386134736997384,-0.28434265900447725
강원 춘천시,헬스장,t_33~35,0.024231043312409994,0.10690884886330163,0.8206947986210821,19,0.02452700065946911,0.5676038897368422,0.006600764436270568,0.8250648245622969,-0.16915356818130878,0.26335690313146265,0.975847335189919,0.26451079857996246
강원 춘천시,헬스장,t_35+,0.0067527224961621,0.12451236577206348,0.9567492516985427,11,0.006775573533330803,0.5676038897368422,0.006600764436270568,0.8250648245622969,-0.21123868079655883,0.28504914070454745,0.9842133385875522,0.0423042608198822
강원 춘천시,헬스장,r_0.1~10,0.10744500599996942,0.059481481511034634,0.07086202810381186,37,0.11342962711386284,0.5676038897368422,0.006600764436270568,0.8250648245622969,-0.009097066777449814,0.2511069378946742,0.2669406732840713,2.382174609765441
강원 춘천시,헬스장,r_10~30,-0.2423035525980839,0.20430609853669246,0.2356290267678215,9,-0.21518209212498884,0.5676038897368422,0.006600764436270568,0.8250648245622969,-0.4741522231386557,0.17132595329716582,0.32183476826824403,-1.0992437324266966
강원 춘천시,헬스장,r_30+,0.0511425163918342,0.10538649448222381,0.6274739828218858,17,0.05247287723233085,0.5676038897368422,0.006600764436270568,0.8250648245622969,-0.1439401720290422,0.2939506341924507,0.6889910399612864,0.5063247567868312
강원 춘천시,헬스장,r30_lag1,0.05821731717811729,0.0660592756950655,0.3781613842416065,18,0.059945315008027356,0.5676038897368422,0.006600764436270568,0.8250648245622969,-0.06877919785776843,0.20646367459032455,0.849754625148914,0.6124534914610194
강원 춘천시,호텔/콘도,t_30~33,-0.205097902129054,0.38590593982249993,0.5950922771057185,25,-0.18543243539129095,0.2203879380263158,0.002325019543287854,0.6965675269951179,-0.6176709081192528,0.7354690799190431,0.9272643559326024,-1.021676801977116
강원 춘천시,호텔/콘도,t_33~35,-0.2052414168822594,0.49617495990184496,0.6791324504813423,19,-0.18554932946608205,0.2203879380263158,0.002325019543287854,0.6965675269951179,-0.6920273622071659,1.1538598347147802,0.973962767477982,-0.7769638483407114
강원 춘천시,호텔/콘도,t_35+,-0.20992886764828445,0.5675359558952193,0.7114605232457114,11,-0.1893580932153831,0.2203879380263158,0.002325019543287854,0.6965675269951179,-0.7334782276134828,1.465615829998296,0.9842133385875522,-0.459054636835665
강원 춘천시,호텔/콘도,r_0.1~10,0.01554690648257484,0.12144737375779742,0.8981382692748315,37,0.01566838837254325,0.2203879380263158,0.002325019543287854,0.6965675269951179,-0.19947694489764378,0.28863530983174446,0.9314026496183438,0.12776558080795142
강원 춘천시,호텔/콘도,r_10~30,-0.3216467429141219,0.393563327224207,0.41377524674370914,9,-0.2750457596761654,0.2203879380263158,0.002325019543287854,0.6965675269951179,-0.6648009901456026,0.5679003669843727,0.47288599627852473,-0.5455509105412052
강원 춘천시,호텔/콘도,r_30+,-0.28381704689299925,0.20829751762959398,0.173022461960038,17,-0.2470956216982978,0.2203879380263158,0.002325019543287854,0.6965675269951179,-0.4994662157204949,0.13252096196033647,0.30716670162335497,-0.9257672075441132
강원 춘천시,호텔/콘도,r30_lag1,-0.24792427271474082,0.21161683016517524,0.24136908743474206,18,-0.21958095994434523,0.2203879380263158,0.002325019543287854,0.6965675269951179,-0.48453880760271784,0.1815707701463054,0.849754625148914,-0.8710739098555192
강원 춘천시,화원,t_30~33,-0.1205935861387466,0.07508436171493922,0.10825020551987466,25,-0.11360587074038964,0.18017505513157894,0.0019683532630112473,0.6282623394859757,-0.23490780425234037,0.026927939864960004,0.565762153956282,-0.5117236005980184
강원 춘천시,화원,t_33~35,0.10131032723356448,0.1130925200213019,0.3703499174072229,19,0.10662000280760497,0.18017505513157894,0.0019683532630112473,0.6282623394859757,-0.11339082837434855,0.38122621534414214,0.8206987628594762,0.3649950327957972
강원 춘천시,화원,t_35+,0.054740449776431,0.15770778445944394,0.728515822947119,11,0.05626642490729261,0.18017505513157894,0.0019683532630112473,0.6282623394859757,-0.2245926755515616,0.43885507037227245,0.9842133385875522,0.11151586830701123
강원 춘천시,화원,r_0.1~10,-0.09595936640756952,0.07308318160699617,0.18917765072148252,37,-0.09149906902473959,0.18017505513157894,0.0019683532630112473,0.6282623394859757,-0.2127444761278512,0.04841937154442433,0.46060645393056615,-0.6099764428227622
강원 춘천시,화원,r_10~30,-0.21879928092658174,0.11785927220869044,0.06339012623942453,9,-0.1965170236721947,0.18017505513157894,0.0019683532630112473,0.6282623394859757,-0.36224651308940814,0.012279676236556014,0.18683405628461966,-0.3186671901698834
강원 춘천시,화원,r_30+,-0.3808347246706978,0.12242301238178138,0.0018657497829261938,17,-0.31670918859808606,0.18017505513157894,0.0019683532630112473,0.6282623394859757,-0.4624770536129976,-0.13141134516303987,0.013060248480483358,-0.9700726237777424
강원 춘천시,화원,r30_lag1,0.053443920147520085,0.09445042608637608,0.5715018966766747,18,0.05489783159398276,0.18017505513157894,0.0019683532630112473,0.6282623394859757,-0.12337757977797137,0.26942844425520995,0.9144030346826796,0.17804195701289963
강원 춘천시,화장품,t_30~33,-0.3640008121670117,0.16983720010890288,0.032094336872394734,25,-0.30510936962456525,0.20393740447368422,0.0021417746747491237,0.6701969267920811,-0.5018637895422385,-0.03064066003185406,0.25675469497915787,-1.5555803230458947
강원 춘천시,화장품,t_33~35,-0.14521477406075223,0.15093588073403796,0.3360014932041133,19,-0.13516347129038986,0.20393740447368422,0.0021417746747491237,0.6701969267920811,-0.35663888342606564,0.1625542826919284,0.8206987628594762,-0.5237328627776934
강원 춘천시,화장품,t_35+,0.1013208815896168,0.1772270630089735,0.5675245857540893,11,0.10663168253076494,0.20393740447368422,0.0021417746747491237,0.6701969267920811,-0.21811230548939042,0.5662526592740162,0.9080393372065428,0.23920807426984705
강원 춘천시,화장품,r_0.1~10,-0.12973151008738334,0.11683715400370903,0.26684316162523947,37,-0.12166877766152961,0.20393740447368422,0.0021417746747491237,0.6701969267920811,-0.30143869111674804,0.10436367763895693,0.5336863232504789,-0.9180741447057904
강원 춘천시,화장품,r_10~30,-0.3646208627523427,0.14210254648247045,0.010290861950191226,8,-0.3055401034145012,0.20393740447368422,0.0021417746747491237,0.6701969267920811,-0.47436165190062574,-0.08249740585067522,0.057628826921070866,-0.49848844522379554
강원 춘천시,화장품,r_30+,-0.10464670719414887,0.1308625354498837,0.42390262345928986,17,-0.09935734304299004,0.20393740447368422,0.0021417746747491237,0.6701969267920811,-0.30311667392627917,0.1639784813057399,0.5160553676895703,-0.34446553714501055
강원 춘천시,화장품,r30_lag1,0.007257348022950225,0.09322517567880079,0.9379493516382483,18,0.007283746395198021,0.20393740447368422,0.0021417746747491237,0.6701969267920811,-0.1609323938382774,0.2092238316686803,0.9893297886476076,0.026737710024262288
서울 강남구,LPG가스,t_30~33,-0.004177310610947789,0.01934377761736642,0.8290258422591665,18,-0.004168597785259465,1.12058764,0.002172018297406749,0.8697403694916364,-0.0412175826191139,0.034312022894576355,0.8726587813254385,-0.08408302477727636
서울 강남구,LPG가스,t_33~35,-0.018650847220099194,0.027868535193048778,0.5033399056317422,25,-0.018477996441682576,1.12058764,0.002172018297406749,0.8697403694916364,-0.07065308011237059,0.036626283310456254,0.8252688508597966,-0.5176553606128369
서울 강남구,LPG가스,t_35+,0.010953327469822971,0.03147353900497768,0.7278273962670547,18,0.011013534783832712,1.12058764,0.002172018297406749,0.8697403694916364,-0.049469290679852396,0.07534491783771613,0.9097842453338184,0.22214935712651418
서울 강남구,LPG가스,r_0.1~10,-0.007469244382138807,0.010730492166628965,0.4863808670685743,34,-0.007441418897866092,1.12058764,0.002172018297406749,0.8697403694916364,-0.028098686530707795,0.01365490844210937,0.6786709773049874,-0.28351790939437965
서울 강남구,LPG가스,r_10~30,-0.014580813282023486,0.015607216646041155,0.35018251208996953,12,-0.014475027993334888,1.12058764,0.002172018297406749,0.8697403694916364,-0.04416593952721504,0.016138167296866568,0.6499635305801915,-0.19464644949582097
서울 강남구,LPG가스,r_30+,-0.0757899771821387,0.04051789118498106,0.06141009688354733,11,-0.07298912044710693,1.12058764,0.002172018297406749,0.8697403694916364,-0.14376040722652095,0.003631668124428833,0.3349641648193491,-0.8996977685024923
서울 강남구,LPG가스,r30_lag1,-0.018874045556196345,0.01748085046708536,0.28027652508463885,11,-0.018697046073053558,1.12058764,0.002172018297406749,0.8697403694916364,-0.05174944438086193,0.015507432797665421,0.6528579528159035,-0.2304684660737179
서울 강남구,가구,t_30~33,0.06849196087872966,0.24921581136263513,0.7834469119697518,18,0.07089201588559169,1.797590490886076,0.003350260423909677,0.40252570657208053,-0.3429341448633807,0.7453497251794612,0.8394074056818769,2.2938266454423166
서울 강남구,가구,t_33~35,0.008629011070333661,0.3110818739611369,0.9778705464257014,25,0.008666348303555838,1.797590490886076,0.003350260423909677,0.40252570657208053,-0.45178704411572557,0.8558623820900741,0.9778705464257014,0.38946363252946625
서울 강남구,가구,t_35+,-0.20599489614744665,0.36862047095242617,0.5762801192378545,18,-0.18616277002245496,1.797590490886076,0.003350260423909677,0.40252570657208053,-0.6048504662305119,0.6761528998384103,0.9097842453338184,-6.023599652688777
서울 강남구,가구,r_0.1~10,-0.33065491613305176,0.11960517783144826,0.005700075449675681,34,-0.2815469471745473,1.797590490886076,0.003350260423909677,0.40252570657208053,-0.4316859253099763,-0.09174378727862664,0.10905567020067095,-17.207607909285002
서울 강남구,가구,r_10~30,0.2857427145699886,0.17542497271184637,0.10334266736029965,12,0.330750028610139,1.797590490886076,0.003350260423909677,0.40252570657208053,-0.05643519609218428,0.8768140050494069,0.3497689857491041,7.134637275478601
서울 강남구,가구,r_30+,-0.49743655579345014,0.6484393506231143,0.443004889838148,11,-0.3919125382465559,1.797590490886076,0.003350260423909677,0.40252570657208053,-0.8293904528016549,1.1673485875433656,0.6181463579136949,-7.74948077212138
서울 강남구,가구,r30_lag1,0.15021598882588433,0.2437638991599136,0.5377390460584481,11,0.16208521304465862,1.797590490886076,0.003350260423909677,0.40252570657208053,-0.2793208542163872,0.8738464270513604,0.7419006521473194,3.204991214505543
서울 강남구,가전,t_30~33,-0.3638913207842471,0.1920730644161088,0.058152529861820464,18,-0.30503328092312276,2.198812893670886,0.004103669723657597,0.3738535990942402,-0.5230552042825494,0.012651243836200976,0.6734143661679985,-12.072799999664925
서울 강남구,가전,t_33~35,-0.15922773431919396,0.16153164533065992,0.3242621428361847,25,-0.1471978754581913,2.198812893670886,0.004103669723657597,0.3738535990942402,-0.3786307443367648,0.17043361414260816,0.7737758523054161,-8.091514661960806
서울 강남구,가전,t_35+,-0.09375328424354851,0.25448456821992543,0.7125715718527444,18,-0.0894926289528356,2.198812893670886,0.004103669723657597,0.3738535990942402,-0.4470805996793572,0.49935717981763816,0.9097842453338184,-3.5419958357399888
서울 강남구,가전,r_0.1~10,-0.1790030794924966,0.09338742039328626,0.055265968717691356,34,-0.16389667538084352,2.198812893670886,0.004103669723657597,0.3738535990942402,-0.3037471702411756,0.004044421164302481,0.2561939618113346,-12.252856183944472
서울 강남구,가전,r_10~30,-0.16170285831959458,0.12875661362640806,0.20915947406805246,12,-0.14930605638336658,2.198812893670886,0.004103669723657597,0.3738535990942402,-0.33904255506395065,0.09489679139031315,0.49968573434069596,-3.939552982546785
서울 강남구,가전,r_30+,-0.530421125311586,0.35078356739225103,0.13050748725914868,11,-0.4116428545867037,2.198812893670886,0.004103669723657597,0.3738535990942402,-0.7041660368663307,0.17012978121944822,0.44233057438612694,-9.95638177878007
서울 강남구,가전,r30_lag1,-0.1259718516539518,0.10237540008041059,0.2185138682653902,11,-0.11836033686752756,2.198812893670886,0.004103669723657597,0.3738535990942402,-0.2786477012134504,0.07754352057362968,0.6528579528159035,-2.8627745828390405
서울 강남구,게임방/오락실,t_30~33,-0.03387149760339361,0.03223955525253193,0.2934334928070381,18,-0.03330428062688129,0.6645676378481012,0.0013205143965841473,0.8961312395713263,-0.0924993765974026,0.029752035156163092,0.6734143661679985,-0.39839304791586205
서울 강남구,게임방/오락실,t_33~35,-0.03010552084423951,0.041165824695789034,0.4645817897095168,25,-0.02965686328088535,0.6645676378481012,0.0013205143965841473,0.8961312395713263,-0.1048737751038038,0.05188047985866984,0.8252688508597966,-0.4927247894140517
서울 강남구,게임방/오락실,t_35+,-0.00604254287792047,0.04498300135014118,0.8931420481358483,18,-0.006024323431438217,0.6645676378481012,0.0013205143965841473,0.8961312395713263,-0.08990767222476037,0.08559056642649554,0.9400449924716084,-0.07206426706434954
서울 강남구,게임방/오락실,r_0.1~10,-0.025201540286869162,0.01792635467925712,0.15977240632326617,34,-0.024886632404647835,0.6645676378481012,0.0013205143965841473,0.8961312395713263,-0.058552971605519755,0.009983622004412718,0.45649258949504623,-0.562320917379128
서울 강남구,게임방/오락실,r_10~30,-0.0673041122395134,0.028571821254638235,0.018492243763958492,12,-0.06508915972925222,0.6645676378481012,0.0013205143965841473,0.8961312395713263,-0.11600589233019598,-0.011239699821347315,0.10065161617161762,-0.5190737895694428
서울 강남구,게임방/오락실,r_30+,-0.04703687760639208,0.058152287358192264,0.4185974752236632,11,-0.04594778622038953,0.6645676378481012,0.0013205143965841473,0.8961312395713263,-0.14872100534388022,0.06923303914654189,0.5979963931766618,-0.3358895292811719
서울 강남구,게임방/오락실,r30_lag1,0.031229732151729597,0.02953849365936314,0.29039503868833927,11,0.03172249649217673,0.6645676378481012,0.0013205143965841473,0.8961312395713263,-0.02631332443169676,0.09321749642591204,0.6528579528159035,0.23189919016495625
서울 강남구,고속버스/철도/여객선,t_30~33,-0.06778447350894003,0.0689230780382495,0.32537122022678344,18,-0.06553814684064252,3.283029453670886,0.006149046240093651,0.6244969562308493,-0.18361866139872995,0.06962140573439868,0.6734143661679985,-3.8729459955030645
서울 강남구,고속버스/철도/여객선,t_33~35,-0.08159425754692805,0.061644146591464444,0.18562479352838746,25,-0.07835416631583525,3.283029453670886,0.006149046240093651,0.6244969562308493,-0.18324555389920905,0.04000785891351666,0.7737758523054161,-6.430975895817859
서울 강남구,고속버스/철도/여객선,t_35+,-0.06742012547896387,0.06449387488818037,0.2958508253616402,18,-0.06519761547315672,3.283029453670886,0.006149046240093651,0.6244969562308493,-0.176200513457608,0.06076237287397768,0.8485991466509051,-3.8528224543346803
서울 강남구,고속버스/철도/여객선,r_0.1~10,0.017462486567092927,0.027242364235168917,0.5215195565201065,34,0.01761584717092113,3.283029453670886,0.006149046240093651,0.6244969562308493,-0.035294636762654874,0.07342827341431324,0.7111630316183271,1.9663337338589666
서울 강남구,고속버스/철도/여객선,r_10~30,-0.03518748647026804,0.031032061539656486,0.256833362272585,12,-0.03457560472357668,3.283029453670886,0.006149046240093651,0.6244969562308493,-0.09154536567068472,0.02596676572952683,0.5313793702191414,-1.3621527442318135
서울 강남구,고속버스/철도/여객선,r_30+,0.004608299758366824,0.043972687605894664,0.9165351940292511,11,0.0046189343011433515,3.283029453670886,0.006149046240093651,0.6244969562308493,-0.0783393372858151,0.09504424349001983,0.94663155607583,0.1668050709074681
서울 강남구,고속버스/철도/여객선,r30_lag1,-0.006642403680296741,0.02988288273177624,0.82409496941044,11,-0.006620391681464,3.283029453670886,0.006149046240093651,0.6244969562308493,-0.063131973799198,0.05329995114123287,0.9502805054478407,-0.23908434973592438
서울 강남구,기타식품,t_30~33,-0.06702957264051562,0.05529141824650599,0.2253990428377297,18,-0.06483245444579522,3.890453131898734,0.006693092475961424,0.828035171010409,-0.16087932624920176,0.04220807044207775,0.6734143661679985,-4.540097258051868
서울 강남구,기타식품,t_33~35,-0.11912301915314963,0.06429195430569534,0.0639045936491789,25,-0.11230140988422099,3.890453131898734,0.006693092475961424,0.828035171010409,-0.21740131506936022,0.006912996491147405,0.48196841476957236,-10.922584295017776
서울 강남구,기타식품,t_35+,0.008259389459347621,0.08701329974591598,0.9243775759304149,18,0.008293592316526599,3.890453131898734,0.006693092475961424,0.828035171010409,-0.14980256333655317,0.19578808928944347,0.9400449924716084,0.5807849796453994
서울 강남구,기타식품,r_0.1~10,-0.02285717175488078,0.04287491229440279,0.5939553825891251,34,-0.022597925572637956,3.890453131898734,0.006693092475961424,0.828035171010409,-0.10137728086354436,0.06308776169484553,0.7272923052111736,-2.98914979082845
서울 강남구,기타식품,r_10~30,-0.12972435214348144,0.05016685983238563,0.009713707269676625,12,-0.12166249059341161,3.890453131898734,0.006693092475961424,0.828035171010409,-0.20391665784194613,-0.03090952972433847,0.06475804846451083,-5.679866610764861
서울 강남구,기타식품,r_30+,-0.22861701209314614,0.0884438098075605,0.009741169020899578,11,-0.20436680694786058,3.890453131898734,0.006693092475961424,0.828035171010409,-0.3309970968428164,-0.053767666928030255,0.11689402825079494,-8.745874325610929
서울 강남구,기타식품,r30_lag1,-0.06400700191476684,0.07091302259989606,0.36673143053146684,11,-0.062001568277334496,3.890453131898734,0.006693092475961424,0.828035171010409,-0.18371892299073234,0.0778653122007762,0.6667844191481215,-2.6533561503590812
서울 강남구,기타요식,t_30~33,-0.13094732505951065,0.06893435122717279,0.05748633435223285,18,-0.12273601699788694,22.40618773126582,0.04052836029845745,0.7091195771534367,-0.23360582549100628,0.004172684853439579,0.6734143661679985,-49.500832288364776
서울 강남구,기타요식,t_33~35,-0.19645915590371385,0.11439525600812166,0.08591130997736682,25,-0.1783651104555385,22.40618773126582,0.04052836029845745,0.7091195771534367,-0.34339578708657525,0.028144319576200116,0.48196841476957236,-99.91205373936899
서울 강남구,기타요식,t_35+,-0.09185324729335353,0.10530192838161716,0.3830531532780833,18,-0.08776098673327615,22.40618773126582,0.04052836029845745,0.7091195771534367,-0.25788052178280274,0.12135584869029747,0.8485991466509051,-35.39500459608446
서울 강남구,기타요식,r_0.1~10,-0.0680760041700601,0.02536175591497558,0.007270378013378063,34,-0.06581053141632864,22.40618773126582,0.04052836029845745,0.7091195771534367,-0.11111289787111867,-0.018199317863308972,0.10905567020067095,-50.13514613469331
서울 강남구,기타요식,r_10~30,-0.15206237134490605,0.050044237301859126,0.0023771249385284134,12,-0.14106529384242805,22.40618773126582,0.04052836029845745,0.7091195771534367,-0.22131530913617126,-0.05254483862581738,0.02852549926234096,-37.92882547439543
서울 강남구,기타요식,r_30+,-0.21457401358287267,0.07716769267352329,0.0054255238393829605,11,-0.19311491093462463,22.40618773126582,0.04052836029845745,0.7091195771534367,-0.3063742237547462,-0.06136194868595224,0.10851047678765921,-47.59665842918666
서울 강남구,기타요식,r30_lag1,-0.03165970826740712,0.04750307412145994,0.5051062339875003,11,-0.03116378705581091,22.40618773126582,0.04052836029845745,0.7091195771534367,-0.11729633377695448,0.06337340993308782,0.7307173670668098,-7.6808782950866
서울 강남구,기타유통,t_30~33,-0.17011514444512493,0.11464938884083178,0.13786573390672957,18,-0.15643232112825267,1.2973750221518987,0.0020828791881157675,0.7666948746359944,-0.326204041819944,0.056115609181062176,0.6734143661679985,-3.653124949602715
서울 강남구,기타유통,t_33~35,-0.1054319775131082,0.16618825811936788,0.5258113823107893,25,-0.10006431337174992,1.2973750221518987,0.0020828791881157675,0.7666948746359944,-0.3502456843244216,0.2464468808106144,0.8252688508597966,-3.245523519432215
서울 강남구,기타유통,t_35+,-0.0393983913946393,0.20746806377825688,0.8493867140731561,18,-0.0386323677476097,1.2973750221518987,0.0020828791881157675,0.7666948746359944,-0.3598391438025905,0.443742952095713,0.9266036880798068,-0.9021720413220377
서울 강남구,기타유통,r_0.1~10,0.05058533213065186,0.05942939577335885,0.39466732390828063,34,0.05188661925184279,1.2973750221518987,0.0020828791881157675,0.7666948746359944,-0.06377203853609081,0.1818333838598183,0.6577788731804678,2.288757729242387
서울 강남구,기타유통,r_10~30,0.1128390026355742,0.13110042151443513,0.38939963792509913,12,0.11945168966799025,1.2973750221518987,0.0020828791881157675,0.7666948746359944,-0.1342142678841517,0.4474390591283559,0.667542236443027,1.8596836623490869
서울 강남구,기타유통,r_30+,-0.16500778814257408,0.1325251043152378,0.21309282883008174,11,-0.15211289940342476,1.2973750221518987,0.0020828791881157675,0.7666948746359944,-0.3460713246697923,0.09937453804888574,0.45662749035017514,-2.170822238564185
서울 강남구,기타유통,r30_lag1,-0.2569603102092334,0.24650121622370713,0.29721227460898547,11,-0.22660109080281743,1.2973750221518987,0.0020828791881157675,0.7666948746359944,-0.5229350787033299,0.25380392907871285,0.6528579528159035,-3.2338525471994464
서울 강남구,기타의료,t_30~33,-0.09411989459356174,0.17134534211313415,0.5827999951443057,18,-0.08982636919877263,35.37590706911392,0.054921556256433614,0.9069284001837391,-0.34946277999599806,0.2734337294348703,0.804091936671476,-57.19840720437056
서울 강남구,기타의료,t_33~35,-0.04351011931353986,0.17381292881492114,0.8023342543275012,25,-0.0425771344202206,35.37590706911392,0.054921556256433614,0.9069284001837391,-0.3189935215876927,0.3460349829154141,0.9642832370210617,-37.65511876297239
서울 강남구,기타의료,t_35+,-0.005926745002029443,0.19752032254861135,0.9760624690808306,18,-0.005909216494963454,35.37590706911392,0.054921556256433614,0.9069284001837391,-0.32501619243997615,0.4640595445125235,0.9760624690808306,-3.76279008438784
서울 강남구,기타의료,r_0.1~10,-0.02466659739438093,0.08810917814977885,0.7795120956285005,34,-0.024364862893279327,35.37590706911392,0.054921556256433614,0.9069284001837391,-0.1791054236191546,0.1595446579191948,0.8586870214236699,-29.305590265787956
서울 강남구,기타의료,r_10~30,-0.09686301072939697,0.1532772273887201,0.5274218226092291,12,-0.09231965991540159,35.37590706911392,0.054921556256433614,0.9069284001837391,-0.3278584874058782,0.22575913604312858,0.6915331695886506,-39.19070051783338
서울 강남구,기타의료,r_30+,-0.4827440380389324,0.24615026881010799,0.049858477299404735,11,-0.3829122458477471,35.37590706911392,0.054921556256433614,0.9069284001837391,-0.6190924426439801,-0.0002894692668056198,0.2991508637964284,-149.00454827209165
서울 강남구,기타의료,r30_lag1,-0.011835552561251128,0.18981063355522176,0.9502805054478407,11,-0.01176578791466476,35.37590706911392,0.054921556256433614,0.9069284001837391,-0.3187762012736507,0.4336064884430597,0.9502805054478407,-4.578479618504927
서울 강남구,노래방,t_30~33,-0.04220635915275576,0.05193130622136044,0.4163703521361194,18,-0.041328070568138475,0.5516881867088608,0.0010462681698077034,0.7467202647496167,-0.13410508179480252,0.06138960855156972,0.6939505868935324,-0.4104037496144187
서울 강남구,노래방,t_33~35,-0.06546369496991296,0.07538959449309202,0.3852089966332548,25,-0.06336694936654796,0.5516881867088608,0.0010462681698077034,0.7467202647496167,-0.19202753594077682,0.08578139795940287,0.7968700131089861,-0.873969934832576
서울 강남구,노래방,t_35+,0.03485516180671283,0.07269283544906152,0.6315932688869659,18,0.035469722374211754,0.5516881867088608,0.0010462681698077034,0.7467202647496167,-0.1020337506899085,0.1940287809007275,0.9097842453338184,0.3522280827545206
서울 강남구,노래방,r_0.1~10,-0.02358890791491053,0.030044216823462998,0.43237165498370245,34,-0.02331286440818503,0.5516881867088608,0.0010462681698077034,0.7467202647496167,-0.07916606910518009,0.03592811779163618,0.6587305187495163,-0.43728868433959867
서울 강남구,노래방,r_10~30,0.004285379894123684,0.03877982995623598,0.9120085823885743,12,0.004294575265069378,0.5516881867088608,0.0010462681698077034,0.7467202647496167,-0.06921139223916795,0.08360543467890147,0.9152125931445216,0.0284311972880502
서울 강남구,노래방,r_30+,0.00761636151117473,0.07673013167486317,0.9209305057886471,11,0.007645439769138118,0.5516881867088608,0.0010462681698077034,0.7467202647496167,-0.13305062644059307,0.17117488431746786,0.94663155607583,0.046396886831103816
서울 강남구,노래방,r30_lag1,0.06026967574090415,0.07940185870909994,0.44782494598213196,11,0.062122936717273536,0.5516881867088608,0.0010462681698077034,0.7467202647496167,-0.09095253307527384,0.24097494767491456,0.7262026151061599,0.37699739341640137
서울 강남구,농수산물,t_30~33,-0.12716848378663134,0.04816080665961887,0.008278443282862298,18,-0.11941470424711864,1.0233493518987342,0.001838512370587653,0.8844392083657979,-0.19873509187770777,-0.032242077200964614,0.49670659697173786,-2.199653283572422
서울 강남구,농수산물,t_33~35,-0.04190487914442303,0.04206120135457408,0.3191124387114046,25,-0.04103900657554704,1.0233493518987342,0.001838512370587653,0.8844392083657979,-0.11692472582861757,0.04136783557042678,0.7737758523054161,-1.0499310195413492
서울 강남구,농수산물,t_35+,-0.06358270584943798,0.0735520560353117,0.3873360250350142,18,-0.061603494788934454,1.0233493518987342,0.001838512370587653,0.8844392083657979,-0.18758560934613244,0.08391482366973402,0.8485991466509051,-1.1347541364051563
서울 강남구,농수산물,r_0.1~10,0.010416927571922252,0.036824011996829616,0.7772656816757385,34,0.010471372647855137,1.0233493518987342,0.001838512370587653,0.8844392083657979,-0.059889761826783405,0.08609858023130057,0.8586870214236699,0.36433966203087137
서울 강남구,농수산물,r_10~30,-0.05983411864863361,0.06565325965123453,0.36210280241443626,12,-0.058079232284445226,1.0233493518987342,0.001838512370587653,0.8844392083657979,-0.17181151164688369,0.07127151020671607,0.6499635305801915,-0.7132241366047567
서울 강남구,농수산물,r_30+,-0.22025967731040264,0.05709085467347892,0.00011429276851698208,11,-0.19768957090501948,1.0233493518987342,0.001838512370587653,0.8844392083657979,-0.2826258536160644,-0.10269692896060256,0.006857566111018925,-2.225360436890696
서울 강남구,농수산물,r30_lag1,-0.076898278902055,0.0667691800905006,0.24944305360144048,11,-0.07401595907068192,1.0233493518987342,0.001838512370587653,0.8844392083657979,-0.18760278051834844,0.055452214131014754,0.6528579528159035,-0.8331860211966015
서울 강남구,동물병원,t_30~33,-0.04048034319685458,0.05841115342428669,0.4882943611991193,18,-0.039671958694853404,1.7018419718987343,0.0031939764381454004,0.7187561249000713,-0.14355587854155516,0.07681274681003991,0.7373260618615345,-1.2152772794580202
서울 강남구,동물병원,t_33~35,-0.10906149162252736,0.06399915920197757,0.08836087604108826,25,-0.10332472221477362,1.7018419718987343,0.0031939764381454004,0.7187561249000713,-0.20903364244768807,0.01651169624877169,0.48196841476957236,-4.3960587249969825
서울 강남구,동물병원,t_35+,-0.07927960486495883,0.08846381827342002,0.370156030723077,18,-0.07621840549636705,1.7018419718987343,0.0031939764381454004,0.7187561249000713,-0.22327482295801138,0.09868002166941792,0.8485991466509051,-2.3348102670884634
서울 강남구,동물병원,r_0.1~10,-0.001908969706978736,0.038555476316481194,0.9605110477046309,34,-0.0019071487831880951,1.7018419718987343,0.0031939764381454004,0.7187561249000713,-0.07455234139282185,0.0764404992383847,0.9605110477046309,-0.11035263876009338
서울 강남구,동물병원,r_10~30,-0.11636883072877692,0.07177034284796324,0.10493069572473122,12,-0.10985315076714863,1.7018419718987343,0.0031939764381454004,0.7187561249000713,-0.22666171710165195,0.024598717949832816,0.3497689857491041,-2.243432432650238
서울 강남구,동물병원,r_30+,-0.14097566293557323,0.11752066563673744,0.2303017610077961,11,-0.13148955156479736,1.7018419718987343,0.0031939764381454004,0.7187561249000713,-0.31017419348134534,0.09347953050335511,0.47648640208509535,-2.4615188149102654
서울 강남구,동물병원,r30_lag1,-0.1765507941490994,0.08237843199520319,0.03209963535287534,11,-0.16184379535730176,1.7018419718987343,0.0031939764381454004,0.7187561249000713,-0.2868136418639503,-0.014975797886700004,0.305978128051641,-3.029758202134902
서울 강남구,"모텔,여관,기타숙박",t_30~33,0.04224628914943241,0.08564899184130369,0.6218365802313215,18,0.043151363977605994,1.0065165560759495,0.0019071002523061353,0.39387239250866735,-0.11805513375856869,0.23382402893930565,0.8291154403084287,0.7817861206929559
서울 강남구,"모텔,여관,기타숙박",t_33~35,0.01997074470637468,0.13329744057861742,0.8809059066836283,25,0.020171494173573112,1.0065165560759495,0.0019071002523061353,0.39387239250866735,-0.21438799349376347,0.3247632023252165,0.9778705464257014,0.5075735711622722
서울 강남구,"모텔,여관,기타숙박",t_35+,-0.15818651758944113,0.1799752664964871,0.379436650504164,18,-0.14630946118330979,1.0065165560759495,0.0019071002523061353,0.39387239250866735,-0.40006744590286347,0.21478244694007897,0.8485991466509051,-2.6507321098479504
서울 강남구,"모텔,여관,기타숙박",r_0.1~10,-0.00406100488429928,0.05283866614996956,0.9387375534664494,34,-0.004052770154827634,1.0065165560759495,0.0019071002523061353,0.39387239250866735,-0.10203554200937681,0.10462154243373223,0.9546483594574062,-0.1386921287993531
서울 강남구,"모텔,여관,기타숙박",r_10~30,0.01789209541045536,0.09753256399377808,0.8544469859755166,12,0.018053117858963352,1.0065165560759495,0.0019071002523061353,0.39387239250866735,-0.15909091644324036,0.23251391981473257,0.8986458257994898,0.21804914416604415
서울 강남구,"모텔,여관,기타숙박",r_30+,0.15032079940723062,0.11904882323124795,0.2067035059647191,11,0.16220701825453765,1.0065165560759495,0.0019071002523061353,0.39387239250866735,-0.07966256050375786,0.4676412099668996,0.45662749035017514,1.795904543233965
서울 강남구,"모텔,여관,기타숙박",r30_lag1,0.0578432310741646,0.06300289089440096,0.35856421376450587,11,0.059548878350078605,1.0065165560759495,0.0019071002523061353,0.39387239250866735,-0.06353434829916538,0.19880939954811283,0.6667844191481215,0.6593062515061746
서울 강남구,문화용품,t_30~33,0.00992504696505099,0.2103559775438174,0.9623680551286753,18,0.009974463595832983,0.6784817106329113,0.001150849945656243,0.4218697032034193,-0.3312685162601162,0.5253482779232481,0.9786793780969579,0.12181484021663633
서울 강남구,문화용품,t_33~35,0.1542273187552705,0.24946654685628777,0.5364247530588678,25,0.16675608217565818,0.6784817106329113,0.001150849945656243,0.4218697032034193,-0.284466680605421,0.9025246182046693,0.8252688508597966,2.8285237973245723
서울 강남구,문화용품,t_35+,-0.08915547971451035,0.2967014129893193,0.7638042658414879,18,-0.0852966552970097,0.6784817106329113,0.001150849945656243,0.4218697032034193,-0.488644506764208,0.6362045971510344,0.9149425392999948,-1.0416999707492565
서울 강남구,문화용품,r_0.1~10,-0.03609820005109721,0.16819640516763187,0.8300641207095476,34,-0.035454429592005954,0.6784817106329113,0.001150849945656243,0.4218697032034193,-0.3063329260974982,0.34120270717137635,0.8586870214236699,-0.8178761893293425
서울 강남구,문화용품,r_10~30,-0.1275538113728998,0.22827310412274715,0.5763137685112978,12,-0.1197539526885455,0.6784817106329113,0.001150849945656243,0.4218697032034193,-0.4372777407855316,0.3769370077683918,0.7131259533202003,-0.9750104001021249
서울 강남구,문화용품,r_30+,-0.5524065618156617,0.28050033918690825,0.04891159636514783,11,-0.42443698562826093,0.6784817106329113,0.001150849945656243,0.4218697032034193,-0.6678561851570435,-0.002622452357529781,0.2991508637964284,-3.167700052714327
서울 강남구,문화용품,r30_lag1,0.5374426583870934,0.3149540369141226,0.08793062386408362,11,0.7116240529869606,0.6784817106329113,0.001150849945656243,0.4218697032034193,-0.07676110544444459,2.1732381684090973,0.47962158471318345,5.311062952779304
서울 강남구,미용서비스,t_30~33,0.032006342618574116,0.10615370786842322,0.7630260698586254,18,0.03252405419059423,1.1350363807594936,0.002164974327179628,0.7040541628388872,-0.16142807632598144,0.27133510243375714,0.8394074056818769,0.6644877256101189
서울 강남구,미용서비스,t_33~35,-0.0636050848561383,0.11887032769521548,0.5925948304706923,25,-0.06162449493563005,1.1350363807594936,0.002164974327179628,0.7040541628388872,-0.2566519663187006,0.18457108730623872,0.8593024310482957,-1.7486510924467318
서울 강남구,미용서비스,t_35+,-0.2942120469164767,0.15698169100905246,0.060905530899266105,18,-0.2548815253845619,1.1350363807594936,0.002164974327179628,0.7040541628388872,-0.4522280133051785,0.01356322466076576,0.7308663707911933,-5.207396473709138
서울 강남구,미용서비스,r_0.1~10,-0.07379717107429784,0.06264158670149735,0.23876235608335294,34,-0.07113992557285087,1.1350363807594936,0.002164974327179628,0.7040541628388872,-0.1784600244302721,0.05019970241433591,0.5360659884800081,-2.7453777240900856
서울 강남구,미용서비스,r_10~30,-0.20520468025212824,0.09135433477149989,0.024687995185777162,12,-0.18551940874344874,1.1350363807594936,0.002164974327179628,0.7040541628388872,-0.3190450831399402,-0.025811229042128292,0.11394459316512535,-2.5268553391296624
서울 강남구,미용서비스,r_30+,-0.2137942213548649,0.16850247341504782,0.20451604018873693,11,-0.1924854628258006,1.1350363807594936,0.002164974327179628,0.7040541628388872,-0.41961236893293863,0.12352450817877014,0.45662749035017514,-2.4032580338207405
서울 강남구,미용서비스,r30_lag1,-0.2940323127386743,0.09152149936727796,0.0013148759993026752,11,-0.2547475900921472,1.1350363807594936,0.002164974327179628,0.7040541628388872,-0.37712813250397914,-0.1083219784733489,0.07889255995816051,-3.180625609319332
서울 강남구,미용실,t_30~33,-0.05091345690370996,0.07401884683745441,0.4915507079076896,18,-0.0496390858503295,7.915055928734177,0.014916791924937126,0.8224803019049891,-0.17797987125802495,0.09873935632894892,0.7373260618615345,-7.072130533618716
서울 강남구,미용실,t_33~35,-0.1012892948912001,0.08806399569529996,0.25007045113593684,25,-0.09632843250041301,7.915055928734177,0.014916791924937126,0.8224803019049891,-0.23958787767206324,0.07392067791757606,0.7737758523054161,-19.061123269201598
서울 강남구,미용실,t_35+,-0.1352971304285267,0.1147421640322518,0.23834224175151153,18,-0.12654365733037953,7.915055928734177,0.014916791924937126,0.8224803019049891,-0.3024574558375315,0.09373397928842642,0.8485991466509051,-18.02880225353748
서울 강남구,미용실,r_0.1~10,-0.013202899313613403,0.0444126720573538,0.7662544655498336,34,-0.013116123356356146,7.915055928734177,0.014916791924937126,0.8224803019049891,-0.09539033394242169,0.07664092317713056,0.8586870214236699,-3.529704897747008
서울 강남구,미용실,r_10~30,-0.014900729679948307,0.04746613262321993,0.7535792184188086,12,-0.014790263165305295,7.915055928734177,0.014916791924937126,0.8224803019049891,-0.1023134720436536,0.08126633888961465,0.8531085491533682,-1.4047891218490607
서울 강남구,미용실,r_30+,-0.26378688965306185,0.2412154215674807,0.2741419007615393,11,-0.23186277979542858,7.915055928734177,0.014916791924937126,0.8224803019049891,-0.5212463506845544,0.2324392511833131,0.5140160639278862,-20.187275568598533
서울 강남구,미용실,r30_lag1,-0.0444527933681629,0.11597116778466621,0.7014906604137287,11,-0.043479246849110975,7.915055928734177,0.014916791924937126,0.8224803019049891,-0.2379600388573374,0.20063513445728387,0.895519992017526,-3.785547376049479
서울 강남구,방문판매/다단계판매,t_30~33,-0.13610061282014763,0.13979596994445706,0.33027204099846286,18,-0.12724518225236203,2.0333643232911394,0.003626424288575533,0.9071935029162228,-0.33641658531040997,0.14786017106533644,0.6734143661679985,-4.657244650247373
서울 강남구,방문판매/다단계판매,t_33~35,-0.06121076348451498,0.17207543048162674,0.7220498680083056,25,-0.05937503051351567,2.0333643232911394,0.003626424288575533,0.9071935029162228,-0.328659357724721,0.3179230892722462,0.9474455906543714,-3.0182767185126385
서울 강남구,방문판매/다단계판매,t_35+,-0.08664000243605018,0.2296080281260282,0.7059218911268117,18,-0.08299284343849067,2.0333643232911394,0.003626424288575533,0.9071935029162228,-0.4153089772760472,0.43819913852522974,0.9097842453338184,-3.0375843648536534
서울 강남구,방문판매/다단계판매,r_0.1~10,0.0625793460091931,0.08490883589504032,0.4611113631246614,34,0.06457892565598766,2.0333643232911394,0.003626424288575533,0.9071935029162228,-0.0986322728048693,0.25734287434223924,0.6587305187495163,4.464624437822109
서울 강남구,방문판매/다단계판매,r_10~30,0.20856769448253729,0.10449764879435587,0.0459439364418584,12,0.231912320905455,2.0333643232911394,0.003626424288575533,0.9071935029162228,0.0037593515474527717,0.5119241121480298,0.19690258475082173,5.6587468735295765
서울 강남구,방문판매/다단계판매,r_30+,-0.09057820302431548,0.12223220852466463,0.4586729215444294,10,-0.08659709976139207,2.0333643232911394,0.003626424288575533,0.9071935029162228,-0.28118649193903045,0.16066942093906067,0.6254630748333129,-1.7608345315529828
서울 강남구,방문판매/다단계판매,r30_lag1,-0.14074116060003666,0.25066714691557357,0.5744796838515882,11,-0.13128585995405562,2.0333643232911394,0.003626424288575533,0.9071935029162228,-0.46849823932596135,0.4198716033578449,0.7659729118021176,-2.9364718216149095
서울 강남구,백화점,t_30~33,-0.1422505469287585,0.1923124390360577,0.4594914028733633,18,-0.13259609612557244,31.378335490886077,0.053443517708822434,0.528318278496168,-0.40499348709609484,0.2645063812572246,0.7255127413789948,-74.89160620217984
서울 강남구,백화점,t_33~35,-0.12342410897013714,0.17754020319673,0.48693646741229235,25,-0.11611128207612553,31.378335490886077,0.053443517708822434,0.528318278496168,-0.37587393716063267,0.2517651676311823,0.8252688508597966,-91.08446908153935
서울 강남구,백화점,t_35+,-0.192019545059339,0.2331413164147456,0.4101562542146041,18,-0.17470926202239867,31.378335490886077,0.053443517708822434,0.528318278496168,-0.4774196490439174,0.30334942931838893,0.8485991466509051,-98.67754506787105
서울 강남구,백화점,r_0.1~10,-0.08600890663121574,0.046881826758967696,0.06656653713973908,34,-0.08241394141687675,31.378335490886077,0.053443517708822434,0.528318278496168,-0.1629716072950338,0.00589679184620473,0.28528515917031033,-87.92441829876965
서울 강남구,백화점,r_10~30,-0.056938898989544906,0.07150318205021126,0.4258502485476824,12,-0.05534821321809025,31.378335490886077,0.053443517708822434,0.528318278496168,-0.17887927643944368,0.0867671131240717,0.6915331695886506,-20.840817638139974
서울 강남구,백화점,r_30+,-0.7180370824901653,0.567801575836014,0.20601777890638473,11,-0.5122913511607738,31.378335490886077,0.053443517708822434,0.528318278496168,-0.8397352543901935,0.48416749577412466,0.45662749035017514,-176.823348743823
서울 강남구,백화점,r30_lag1,0.0129448313239603,0.14291964507826005,0.927830939700663,11,0.013028978350636544,31.378335490886077,0.053443517708822434,0.528318278496168,-0.2344629559042306,0.34053305309383886,0.9502805054478407,4.497104191687415
서울 강남구,사무기기/문구용품,t_30~33,-0.06835351455037099,0.08942137329391918,0.444630129247809,18,-0.06606974272246013,0.7982133084810127,0.0013976046805696761,0.6900620648786953,-0.21621411845428362,0.11283674023109702,0.7210218312126632,-0.9492794627217158
서울 강남구,사무기기/문구용품,t_33~35,-0.09751116813157588,0.07841724563321194,0.21368681948680346,25,-0.09290778902593166,0.7982133084810127,0.0013976046805696761,0.6900620648786953,-0.22214019445728905,0.05779508511273024,0.7737758523054161,-1.8540058415511211
서울 강남구,사무기기/문구용품,t_35+,-0.1443129933093006,0.09764966373352608,0.13944399008672173,18,-0.1343832266037025,0.7982133084810127,0.0013976046805696761,0.6900620648786953,-0.28516700301976083,0.04820622655969875,0.8378131698016305,-1.9307966384105102
서울 강남구,사무기기/문구용품,r_0.1~10,-0.03298840186182572,0.0382163553058065,0.38802688134171015,34,-0.03245021869998954,0.7982133084810127,0.0013976046805696761,0.6900620648786953,-0.10227586594623705,0.042806519043224966,0.6577788731804678,-0.8806746786013366
서울 강남구,사무기기/문구용품,r_10~30,-0.034969555385435,0.05538342794893211,0.5277735987283381,12,-0.03436518581021164,0.7982133084810127,0.0013976046805696761,0.6900620648786953,-0.13369745660816357,0.07635675490980454,0.6915331695886506,-0.3291689839456054
서울 강남구,사무기기/문구용품,r_30+,-0.16781984300712088,0.11246905855090882,0.13566183709541307,11,-0.15449385519111059,0.7982133084810127,0.0013976046805696761,0.6900620648786953,-0.3217634769132258,0.054028523347640744,0.44233057438612694,-1.3565095642129115
서울 강남구,사무기기/문구용품,r30_lag1,-0.059404900443955175,0.07380634938510838,0.42089169913483415,11,-0.05767485596694666,0.7982133084810127,0.0013976046805696761,0.6900620648786953,-0.1845909136550843,0.0889953177457028,0.7014861652247236,-0.5064052135729661
서울 강남구,생활잡화/수입상품점,t_30~33,-0.1064096874231996,0.06124097302753056,0.08228888473682221,18,-0.1009437594193967,4.527686033291139,0.008266042732131362,0.580296459963719,-0.202634407484108,0.013715830371521243,0.6734143661679985,-8.226749694079858
서울 강남구,생활잡화/수입상품점,t_33~35,-0.04595908636058972,0.07096035654616807,0.5171966591668111,25,-0.04491896276747698,4.527686033291139,0.008266042732131362,0.580296459963719,-0.16893011084574783,0.09759696456990175,0.8252688508597966,-5.0844740088057545
서울 강남구,생활잡화/수입상품점,t_35+,-0.11659359289846732,0.09030393993268529,0.19666064950294126,18,-0.11005319962177584,4.527686033291139,0.008266042732131362,0.580296459963719,-0.2544173719464057,0.062263628071693056,0.8428313550126054,-8.969154027237291
서울 강남구,생활잡화/수입상품점,r_0.1~10,-0.0108548210339523,0.035615590084413985,0.7605358217319487,34,-0.010796120052317226,4.527686033291139,0.008266042732131362,0.580296459963719,-0.077493980236082,0.06072404422246214,0.8586870214236699,-1.6619690271367775
서울 강남구,생활잡화/수입상품점,r_10~30,-0.03821583636598973,0.0628945585555419,0.5434411710372722,12,-0.03749482514891356,4.527686033291139,0.008266042732131362,0.580296459963719,-0.1491242545658099,0.08877966799063364,0.6937546864305603,-2.037177553769151
서울 강남구,생활잡화/수입상품점,r_30+,-0.10417390492654144,0.12555866907924162,0.4067179828865417,11,-0.09893141647088666,4.527686033291139,0.008266042732131362,0.580296459963719,-0.29550137284263245,0.15248569823231017,0.5979963931766618,-4.927234318698367
서울 강남구,생활잡화/수입상품점,r30_lag1,0.0863796934937181,0.07249763992672667,0.23346409152769432,11,0.09022019924447822,4.527686033291139,0.008266042732131362,0.580296459963719,-0.054191990922519584,0.25668219282683347,0.6528579528159035,4.493376096439645
서울 강남구,서점,t_30~33,-0.02086200959221264,0.057929840847073935,0.7187533268206181,18,-0.020645903283050715,3.1779701224050636,0.007519592941732072,0.8326147759776903,-0.12576363348483244,0.09711112862934312,0.8394074056818769,-1.181017148104796
서울 강남구,서점,t_33~35,-0.0787360651219836,0.07771053553179898,0.3109661736158793,25,-0.07571615700228174,3.1779701224050636,0.007519592941732072,0.8326147759776903,-0.20629919985396095,0.076350965337872,0.7737758523054161,-6.015592118414557
서울 강남구,서점,t_35+,0.13523688448744564,0.13701329917394311,0.32362561408383017,18,0.14480793947579151,3.1779701224050636,0.007519592941732072,0.8326147759776903,-0.12480554400603605,0.49747888519056915,0.8485991466509051,8.28351549253991
서울 강남구,서점,r_0.1~10,-0.12479319376832743,0.03159773039027443,7.833576041308114e-05,34,-0.1173205726835429,3.1779701224050636,0.007519592941732072,0.8326147759776903,-0.17032792393102203,-0.060926607173249825,0.002350072812392434,-12.676603340879534
서울 강남구,서점,r_10~30,-0.08223061991238759,0.04985040388525934,0.09903547599646764,12,-0.0789404804647591,3.1779701224050636,0.007519592941732072,0.8326147759776903,-0.16467750866602437,0.01559654783352915,0.3497689857491041,-3.01044586038366
서울 강남구,서점,r_30+,-0.08993428961130659,0.07113086333023898,0.2061045186419952,11,-0.0860087579821941,3.1779701224050636,0.007519592941732072,0.8326147759776903,-0.20495040429462386,0.05072689175332967,0.45662749035017514,-3.00666589445839
서울 강남구,서점,r30_lag1,0.1184603269437154,0.056532557625044215,0.0361322984377115,11,0.1257622107884746,3.1779701224050636,0.007519592941732072,0.8326147759776903,0.00768590005230152,0.2576741970623737,0.305978128051641,4.396354032547181
서울 강남구,스포츠/레저용품,t_30~33,-0.03974865389982977,0.0416633606711476,0.34006167882350924,18,-0.0389690398176481,7.493157461392405,0.012720636180053861,0.6861484436854723,-0.11432821321297193,0.04280222110213927,0.6734143661679985,-5.256020726512336
서울 강남구,스포츠/레저용품,t_33~35,0.00985387990940527,0.04751577477700189,0.8357121387515868,25,0.009902589244554783,7.493157461392405,0.012720636180053861,0.6861484436854723,-0.07990379030706007,0.10847455844125697,0.9642832370210617,1.8550415121234964
서울 강남구,스포츠/레저용품,t_35+,0.05330802464327472,0.05805411109810422,0.35848946584031915,18,0.05475448546149897,7.493157461392405,0.012720636180053861,0.6861484436854723,-0.058685553456870654,0.18186545281091515,0.8485991466509051,7.385111663049594
서울 강남구,스포츠/레저용품,r_0.1~10,-0.04769703912233081,0.03613206188145815,0.18680990905850603,34,-0.04657740692757628,7.493157461392405,0.012720636180053861,0.6861484436854723,-0.11176229003419913,0.023391183218221645,0.48733019754392876,-11.86640270455707
서울 강남구,스포츠/레저용품,r_10~30,-0.05710641026448117,0.03919100164448999,0.1450803152824243,12,-0.055506439790527495,7.493157461392405,0.012720636180053861,0.6861484436854723,-0.1253406419312355,0.01990343674689332,0.4145151865212123,-4.991021921660632
서울 강남구,스포츠/레저용품,r_30+,-0.09270421589301739,0.13180555926149407,0.48184344491741427,11,-0.08853694328479889,7.493157461392405,0.012720636180053861,0.6861484436854723,-0.29604659566981895,0.18014189383329904,0.6286842978658544,-7.297633829017037
서울 강남구,스포츠/레저용품,r30_lag1,0.12065270125997339,0.06310413296750973,0.05588107440085326,11,0.1282330104147824,7.493157461392405,0.012720636180053861,0.6861484436854723,-0.003026809304581546,0.2767742780542677,0.37254049600568845,10.569571526649705
서울 강남구,스포츠시설,t_30~33,-0.027826789498741067,0.07989530082652614,0.7276218845459579,18,-0.02744319073474044,1.0033219674683544,0.0018718025252859615,0.5573548133833358,-0.1684148490171955,0.1374262108099873,0.8394074056818769,-0.49561841018860375
서울 강남구,스포츠시설,t_33~35,0.0035580112111498353,0.09619743978078112,0.9704957316491296,25,0.003564348446795318,1.0033219674683544,0.0018718025252859615,0.5573548133833358,-0.1688865496480325,0.21179774078608316,0.9778705464257014,0.0894047274095363
서울 강남구,스포츠시설,t_35+,-0.17007201003537453,0.12956671214670004,0.18931063048300478,18,-0.15639593354956738,1.0033219674683544,0.0018718025252859615,0.5573548133833358,-0.34559101643284396,0.08749702220228461,0.8428313550126054,-2.8244785635540355
서울 강남구,스포츠시설,r_0.1~10,0.009912173681638214,0.0454848278271188,0.8274893882210165,34,0.00996146199201009,1.0033219674683544,0.0018718025252859615,0.5573548133833358,-0.07618005297854424,0.10413523544036285,0.8586870214236699,0.3398148239192831
서울 강남구,스포츠시설,r_10~30,-0.10728905021549892,0.08464894164939486,0.20499126859749373,12,-0.10173400851679781,1.0033219674683544,0.0018718025252859615,0.5573548133833358,-0.2390601582699735,0.06037527174398316,0.49968573434069596,-1.224863587002191
서울 강남구,스포츠시설,r_30+,-0.13667875921351874,0.10499065383452846,0.19297849108715026,11,-0.12774961647007754,1.0033219674683544,0.0018718025252859615,0.5573548133833358,-0.2899787932488148,0.07154648950466291,0.45662749035017514,-1.4099139619409449
서울 강남구,스포츠시설,r30_lag1,0.08904333348201082,0.10414073739847592,0.392535184170938,11,0.09312802434359058,1.0033219674683544,0.0018718025252859615,0.5573548133833358,-0.10869848833033124,0.340656177466669,0.6729174585787508,1.0278113187193731
서울 강남구,시계/귀금속,t_30~33,0.10284884216165394,0.09097059389686893,0.25823511201959215,18,0.1083238645739375,3.0668673526582277,0.005471499627030614,0.6171146271841311,-0.0726771702423189,0.3246538846726079,0.6734143661679985,5.979868627960442
서울 강남구,시계/귀금속,t_33~35,0.015448459448818648,0.10210043085507202,0.8797339373629481,25,0.015568403754103288,3.0668673526582277,0.005471499627030614,0.6171146271841311,-0.16862006382063288,0.2405629939103333,0.9778705464257014,1.1936557301615291
서울 강남구,시계/귀금속,t_35+,0.09632414223321417,0.16971101756081458,0.570321940062352,18,0.10111592432884109,3.0668673526582277,0.005471499627030614,0.6171146271841311,-0.2104636876121353,0.5356561310569985,0.9097842453338184,5.581964288843686
서울 강남구,시계/귀금속,r_0.1~10,-0.03889290220667929,0.06943103689561958,0.5753662551204817,34,-0.03814628395915198,3.0668673526582277,0.005471499627030614,0.6171146271841311,-0.16052428811096076,0.10207187409833618,0.719207818900602,-3.9776461585848177
서울 강남구,시계/귀금속,r_10~30,-0.054659112902396265,0.07069124523212009,0.439398651520467,12,-0.05319215247256959,3.0668673526582277,0.005471499627030614,0.6171146271841311,-0.17569440784278212,0.08751549021221372,0.6915331695886506,-1.9575993100289075
서울 강남구,시계/귀금속,r_30+,-0.004945683214661684,0.1626375685125353,0.9757406838487955,11,-0.004933473460250637,3.0668673526582277,0.005471499627030614,0.6171146271841311,-0.2765438316221017,0.3686487661857514,0.9757406838487955,-0.16643339559493348
서울 강남구,시계/귀금속,r30_lag1,0.1447012707354773,0.1596488750520694,0.3647389860373803,11,0.15569427899430832,3.0668673526582277,0.005471499627030614,0.6171146271841311,-0.15482411416398156,0.5802974136904253,0.6667844191481215,5.252430713676365
서울 강남구,애완동물,t_30~33,-0.11098129668012886,0.10102573696083694,0.2719666720943458,18,-0.10504451258875058,0.5724333784810126,0.0010566272868755826,0.37366937951654144,-0.2658131664402933,0.09092847737969034,0.6734143661679985,-1.0823577341772557
서울 강남구,애완동물,t_33~35,-0.08807748083605405,0.1253314292786603,0.4822074892713405,25,-0.084310074446315,0.5724333784810126,0.0010566272868755826,0.37366937951654144,-0.2837507672960393,0.17066518395430652,0.8252688508597966,-1.2065475188822445
서울 강남구,애완동물,t_35+,-0.07027852513220864,0.19499461044118033,0.7185385648207346,18,-0.06786583904356136,0.5724333784810126,0.0010566272868755826,0.37366937951654144,-0.3639435499222716,0.3660329895495664,0.9097842453338184,-0.69927608748878
서울 강남구,애완동물,r_0.1~10,-0.07897240108953729,0.0907238266639617,0.38404341612590254,34,-0.07593457270785064,0.5724333784810126,0.0010566272868755826,0.37366937951654144,-0.22647021378389431,0.10389661669481498,0.6577788731804678,-1.4778944559546794
서울 강남구,애완동물,r_10~30,-0.07700522925075964,0.14499761143222206,0.5953638314706455,12,-0.07411498809106576,0.5724333784810126,0.0010566272868755826,0.37366937951654144,-0.30316076502379685,0.23021640035363777,0.7131259533202003,-0.5091107163485855
서울 강남구,애완동물,r_30+,-0.06104206273285728,0.15028023597793597,0.6846043031250003,11,-0.059216332988315745,0.5724333784810126,0.0010566272868755826,0.37366937951654144,-0.29924105578881455,0.26302192134306845,0.7750237393867928,-0.3728714610913404
서울 강남구,애완동물,r30_lag1,0.04464947552895619,0.13205620231953086,0.7352805633701796,11,0.04566126580028196,0.5724333784810126,0.0010566272868755826,0.37366937951654144,-0.19279747432745487,0.35456400100339414,0.9003435469838933,0.2875183591255241
서울 강남구,약국,t_30~33,-0.12992692009462972,0.11705530277855282,0.26701546750532457,18,-0.12184039560357374,10.521944229113924,0.018156022416705078,0.9495488938510194,-0.30187374643300335,0.10462009823224916,0.6734143661679985,-23.07596125309164
서울 강남구,약국,t_33~35,-0.16168072377149967,0.08914255239243356,0.06971895460706329,25,-0.1492872264489623,10.521944229113924,0.018156022416705078,0.9495488938510194,-0.2856627765996117,0.013124053143813486,0.48196841476957236,-39.26979677037706
서울 강남구,약국,t_35+,-0.12695103015448556,0.10824066973723603,0.24085240358950188,18,-0.11922319695491956,10.521944229113924,0.018156022416705078,0.9495488938510194,-0.28759074962031284,0.08893557511901706,0.8485991466509051,-22.580276925173916
서울 강남구,약국,r_0.1~10,0.044967960885376135,0.05239977906056971,0.3907981512569285,34,0.045994346639084194,10.521944229113924,0.018156022416705078,0.9495488938510194,-0.056100524262776674,0.15913209120747251,0.6577788731804678,16.45429830649323
서울 강남구,약국,r_10~30,0.055521215854591924,0.08844644515214384,0.5301754300179655,12,0.057091443932884456,10.521944229113924,0.018156022416705078,0.9495488938510194,-0.11115624862035023,0.25718645048877664,0.6915331695886506,7.208555868256736
서울 강남구,약국,r_30+,-0.15797052841841394,0.16027082031668494,0.3243061355336616,11,-0.14612505335718717,10.521944229113924,0.018156022416705078,0.9495488938510194,-0.37630969271481796,0.1690135568691542,0.5373823700282627,-16.912716280906817
서울 강남구,약국,r30_lag1,-0.24372833925905704,0.11914839823055995,0.040797083740218794,11,-0.21629949399275528,10.521944229113924,0.018156022416705078,0.9495488938510194,-0.37951832027342547,-0.010145660728189676,0.305978128051641,-25.034803338350663
서울 강남구,양식,t_30~33,-0.04312726580019118,0.0445716285795521,0.33324689007605346,18,-0.042210511535421436,7.594548434177215,0.014023600510094353,0.8128848688396682,-0.12233267478658938,0.04522599606881417,0.6734143661679985,-5.770255937168774
서울 강남구,양식,t_33~35,-0.04918073715021748,0.05824206423245554,0.39843500655449304,25,-0.04799094925436953,7.594548434177215,0.014023600510094353,0.8128848688396682,-0.15069353242818784,0.06713096780340178,0.7968700131089861,-9.111739712861256
서울 강남구,양식,t_35+,-0.17904183101974736,0.08436474409229389,0.03381799053572221,18,-0.1639290750338399,7.594548434177215,0.014023600510094353,0.8128848688396682,-0.29135226914427925,-0.013593692412332659,0.5072698580358331,-22.409411402058623
서울 강남구,양식,r_0.1~10,-0.03161150817026381,0.04275668154006079,0.4597036436033082,34,-0.031117087930788934,7.594548434177215,0.014023600510094353,0.8128848688396682,-0.10900334345113949,0.05357757562835075,0.6587305187495163,-8.034887868311545
서울 강남구,양식,r_10~30,-0.12304464142212009,0.04599797554859895,0.007472897479447259,12,-0.11577581134551274,7.594548434177215,0.014023600510094353,0.8128848688396682,-0.19200602203091532,-0.032353659656110256,0.06475804846451083,-10.551180081235923
서울 강남구,양식,r_30+,-0.005408350013205582,0.059476863007657754,0.9275466244448883,11,-0.0053937512185939784,7.594548434177215,0.014023600510094353,0.8128848688396682,-0.11483658518222029,0.11758074673552343,0.94663155607583,-0.4505941535866577
서울 강남구,양식,r30_lag1,0.1330041039911077,0.06378458761570606,0.037050464413280894,11,0.14225468612434944,7.594548434177215,0.014023600510094353,0.8128848688396682,0.008018287921963019,0.2943671594121362,0.305978128051641,11.88396114136054
서울 강남구,여행사/항공사,t_30~33,-0.36699718851123625,0.28790394940519165,0.2024080379720481,18,-0.30718840712633766,0.9855111512658228,0.0016011093795918433,0.44759986332368373,-0.6059545138811002,0.21810278287341966,0.6734143661679985,-5.449276813726644
서울 강남구,여행사/항공사,t_33~35,-0.36030118305567926,0.31446271773855566,0.2518913382011845,25,-0.30253377057636677,0.9855111512658228,0.0016011093795918433,0.44759986332368373,-0.6234287888639378,0.2918118188558323,0.7737758523054161,-7.453760113437638
서울 강남구,여행사/항공사,t_35+,-0.24147253192818965,0.3334837961917987,0.46901002334462605,18,-0.21452962115055785,0.9855111512658228,0.0016011093795918433,0.44759986332368373,-0.591433575679069,0.5100695488507838,0.9097842453338184,-3.8055840105727277
서울 강남구,여행사/항공사,r_0.1~10,0.14506424605609092,0.1460699035539398,0.32065380212801,34,0.15611384363695624,0.9855111512658228,0.0016011093795918433,0.44759986332368373,-0.13171281861315065,0.5393515510780293,0.6012258789900187,5.230965748220439
서울 강남구,여행사/항공사,r_10~30,-0.06619919821844633,0.31746434175901705,0.8348191964001346,12,-0.06405559273721018,0.9855111512658228,0.0016011093795918433,0.44759986332368373,-0.49763549041154564,0.7437376979598394,0.8986458257994898,-0.7575300113215521
서울 강남구,여행사/항공사,r_30+,-0.5039381335218378,0.330182046716496,0.1269492858657472,11,-0.3958532418680668,0.9855111512658228,0.0016011093795918433,0.44759986332368373,-0.6837097407562747,0.15398212462834637,0.44233057438612694,-4.291295625382774
서울 강남구,여행사/항공사,r30_lag1,-0.38448419699774194,0.3006354628878555,0.20093051132224815,11,-0.3191982947809273,0.9855111512658228,0.0016011093795918433,0.44759986332368373,-0.6223281961388099,0.22723210229257385,0.6528579528159035,-3.460308268688031
서울 강남구,연구/번역서비스,t_30~33,-0.2293447362816213,0.12404848424260674,0.06448215770820775,18,-0.2049455978419884,1.8309771922784812,0.003242549631193641,0.5370113286207115,-0.37654567065938194,0.01388581752150353,0.6734143661679985,-6.754512875518056
서울 강남구,연구/번역서비스,t_33~35,-0.067963643002953,0.19165210728913148,0.7228743975661812,25,-0.06570555890003271,1.8309771922784812,0.003242549631193641,0.5370113286207115,-0.35827907963834826,0.36025813554334585,0.9474455906543714,-3.0076344937967567
서울 강남구,연구/번역서비스,t_35+,-0.1566486668527295,0.2680754658479965,0.5589879493469634,18,-0.14499560255897803,1.8309771922784812,0.003242549631193641,0.5370113286207115,-0.4944339467480734,0.4459683654416706,0.9097842453338184,-4.778705542790955
서울 강남구,연구/번역서비스,r_0.1~10,-0.08011433256118494,0.0720741467873824,0.2663298024175297,34,-0.07698918983629,1.8309771922784812,0.003242549631193641,0.5370113286207115,-0.19858764190348355,0.06305941887717381,0.549760388022446,-4.792825321836339
서울 강남구,연구/번역서비스,r_10~30,0.07042092614076863,0.11027273959503478,0.5230787283013185,12,0.07295972301009201,1.8309771922784812,0.003242549631193641,0.5370113286207115,-0.1355948041763354,0.33183207685940674,0.6915331695886506,1.6030510654372079
서울 강남구,연구/번역서비스,r_30+,-0.34446573298972505,0.1308606792045633,0.008480671271789208,11,-0.2914011666656864,1.8309771922784812,0.003242549631193641,0.5370113286207115,-0.4517109481578697,-0.08421971054179578,0.11689402825079494,-5.869037789650335
서울 강남구,연구/번역서비스,r30_lag1,0.1774782470570186,0.18085441119100296,0.32642897640795177,11,0.19420208021015584,1.8309771922784812,0.003242549631193641,0.5370113286207115,-0.16221719852381378,0.7022533834132432,0.6528579528159035,3.911375375136147
서울 강남구,영화/공연,t_30~33,0.09609834886743901,0.09882852062729215,0.33086419494029906,18,0.10086732772496632,0.6178514606329114,0.0011944898033456716,0.5087866828203009,-0.0929933994603962,0.3361632346791188,0.6734143661679985,1.121778463770162
서울 강남구,영화/공연,t_33~35,0.09420818957059426,0.09097005879197613,0.3003908611905839,25,0.09878847840798177,0.6178514606329114,0.0011944898033456716,0.5087866828203009,-0.08065436256225855,0.31325594109200217,0.7737758523054161,1.5259151419518593
서울 강남구,영화/공연,t_35+,0.0586864701864889,0.12674618625945455,0.643347480766881,18,0.06044270820890785,0.6178514606329114,0.0011944898033456716,0.5087866828203009,-0.17282256542205654,0.3594891378622098,0.9097842453338184,0.6722030799266865
서울 강남구,영화/공연,r_0.1~10,-0.08034378636408257,0.05453156690998259,0.14065815650143004,34,-0.07720095388083592,0.6178514606329114,0.0011944898033456716,0.5087866828203009,-0.17074341270429072,0.02689335552396077,0.4468450052139008,-1.6217565519959691
서울 강남구,영화/공연,r_10~30,-0.12584356584571477,0.08912311230909611,0.1579442415071728,12,-0.1182472277557769,0.6178514606329114,0.0011944898033456716,0.5087866828203009,-0.2595705075693775,0.050049949804265026,0.43075702229228946,-0.8767106686163915
서울 강남구,영화/공연,r_30+,0.03940521867422095,0.09692893075403743,0.6843479101569264,11,0.04019190344485546,0.6178514606329114,0.0011944898033456716,0.5087866828203009,-0.13978720612547713,0.25782736980549936,0.7750237393867928,0.2731588887392298
서울 강남구,영화/공연,r30_lag1,0.13251647168101574,0.09490216477040797,0.1626096507181738,11,0.1416978216166389,0.6178514606329114,0.0011944898033456716,0.5087866828203009,-0.05208625890108731,0.3750976057938211,0.5771497684707655,0.9630302665977628
서울 강남구,예식장/결혼서비스,t_30~33,0.0733963406364971,0.21130500392591461,0.7283300002623465,18,0.07615697714261693,9.21875811493671,0.01544098151056237,0.78217347182833,-0.28877146058997993,0.6283286950400166,0.8394074056818769,12.637309518765889
서울 강남구,예식장/결혼서비스,t_33~35,0.19101338738816195,0.21887669989220132,0.38282738643047876,25,0.2104756570803099,9.21875811493671,0.01544098151056237,0.78217347182833,-0.21178544195289728,0.8589498270805176,0.7968700131089861,48.50810429264358
서울 강남구,예식장/결혼서비스,t_35+,-0.07673920495205006,0.3287394975123121,0.8154238730599361,18,-0.07386864741523691,9.21875811493671,0.01544098151056237,0.78217347182833,-0.5137676194487519,0.7640110295988001,0.9149425392999948,-12.25758947037505
서울 강남구,예식장/결혼서비스,r_0.1~10,-0.17932704316269954,0.13905292743636363,0.19717861394853464,34,-0.1641674986117435,9.21875811493671,0.01544098151056237,0.78217347182833,-0.36356359587297193,0.09769957508199223,0.4929465348713366,-51.45629564121963
서울 강남구,예식장/결혼서비스,r_10~30,0.029224918956126375,0.10502834471024496,0.7808147397754508,12,0.029656157620825185,9.21875811493671,0.01544098151056237,0.78217347182833,-0.16191071319509887,0.26501056584115945,0.8675719330838342,3.2807153246978915
서울 강남구,예식장/결혼서비스,r_30+,-0.5554319096550699,0.55146743991657,0.3138439840063514,11,-0.42617563261816294,9.21875811493671,0.01544098151056237,0.78217347182833,-0.8053024775977247,0.6912100397499326,0.5373823700282627,-43.21691078745673
서울 강남구,예식장/결혼서비스,r30_lag1,-0.021388058093347297,0.34003239660383083,0.9498460871965404,11,-0.02116095555459363,9.21875811493671,0.01544098151056237,0.78217347182833,-0.497345164134973,0.9061308209279268,0.9502805054478407,-2.1458550381259758
서울 강남구,완구/아동용자전거,t_30~33,-0.057807726597485856,0.20001320390679395,0.7725664153783123,18,-0.0561685963329811,0.6341875753164556,0.0010934361175326465,0.4780131325413983,-0.3622657422145785,0.39684783696815074,0.8394074056818769,-0.6411856665121569
서울 강남구,완구/아동용자전거,t_33~35,-0.05181012548259396,0.2490806505488237,0.8352247348909986,25,-0.050490862682815996,0.6341875753164556,0.0010934361175326465,0.4780131325413983,-0.41725652646742684,0.5471088786006435,0.9642832370210617,-0.8005169445112796
서울 강남구,완구/아동용자전거,t_35+,-0.27390731516178973,0.26671563383932445,0.3044374849160515,18,-0.23959745021782697,0.6341875753164556,0.0010934361175326465,0.4780131325413983,-0.5491722572165663,0.28255646856451055,0.8485991466509051,-2.7350950681016797
서울 강남구,완구/아동용자전거,r_0.1~10,-0.17735386694353195,0.1226860493196542,0.148291910781633,34,-0.16251662560074276,0.6341875753164556,0.0010934361175326465,0.4780131325413983,-0.3415182835328803,0.06514483979630548,0.4468450052139008,-3.5042448411038074
서울 강남구,완구/아동용자전거,r_10~30,-0.22008380116633158,0.17808920307686427,0.21653048488096827,12,-0.19754845123097398,0.6341875753164556,0.0010934361175326465,0.4780131325413983,-0.4339872300005506,0.13765717356948493,0.49968573434069596,-1.5033932795243097
서울 강남구,완구/아동용자전거,r_30+,0.0232368582227844,0.20839088990196422,0.9112150179584644,11,0.023508937347032077,0.6341875753164556,0.0010934361175326465,0.4780131325413983,-0.3196917576760573,0.539846910057616,0.94663155607583,0.16399983571818816
서울 강남구,완구/아동용자전거,r30_lag1,0.3531115716831952,0.132746895054834,0.007813220901656115,11,0.42348995574433257,0.6341875753164556,0.0010934361175326465,0.4780131325413983,0.09738234487779573,0.8465065194124779,0.11719831352484172,2.9542927502480856
서울 강남구,유흥업소,t_30~33,-0.13736700244016023,0.08758571621471883,0.11679429502323088,18,-0.12834973035263153,2.3435798797468355,0.004154531637896797,0.7337186139385782,-0.26584493041819246,0.03489606495411923,0.6734143661679985,-5.414361221256461
서울 강남구,유흥업소,t_33~35,-0.19320840568890058,0.10566049419755326,0.0674629211169477,25,-0.17568983469110777,2.3435798797468355,0.004154531637896797,0.7337186139385782,-0.3298830129594964,0.013983023520195204,0.48196841476957236,-10.293579041453194
서울 강남구,유흥업소,t_35+,-0.09438330771874881,0.13805934772086548,0.4942006199647194,18,-0.09006608930522753,2.3435798797468355,0.004154531637896797,0.7337186139385782,-0.3057892076727019,0.19269209148496813,0.9097842453338184,-3.7993873453778315
서울 강남구,유흥업소,r_0.1~10,-0.06664392756448556,0.05686736378850882,0.24122969481600365,34,-0.06447174213759688,2.3435798797468355,0.004154531637896797,0.7337186139385782,-0.16314458101674456,0.04583551878341252,0.5360659884800081,-5.137219041320541
서울 강남구,유흥업소,r_10~30,-0.07403722963784855,0.09896793035583787,0.45440398038558993,12,-0.07136287962597188,2.3435798797468355,0.004154531637896797,0.7337186139385782,-0.2351032129411491,0.1274291066805291,0.6915331695886506,-2.006935306226677
서울 강남구,유흥업소,r_30+,0.06599195603336128,0.07632537168765108,0.38725089358557596,11,0.06821812442047781,2.3435798797468355,0.004154531637896797,0.7337186139385782,-0.08020620733960648,0.2405932399695121,0.5979963931766618,1.7586208620848784
서울 강남구,유흥업소,r30_lag1,0.08111584576187719,0.11410090990265732,0.477138010599943,11,0.08449652361597071,2.3435798797468355,0.004154531637896797,0.7337186139385782,-0.1328314695538111,0.3562908113489356,0.7307173670668098,2.1782678792043653
서울 강남구,의복/의류,t_30~33,-0.11820558722555671,0.105812713235936,0.26394266050719195,18,-0.11148663316162843,23.40519578670886,0.04149963794447871,0.6398986631082505,-0.2779049533312141,0.09328544309011177,0.6734143661679985,-46.96859658148024
서울 강남구,의복/의류,t_33~35,-0.1442196814424723,0.11175002943402587,0.1968576491603664,25,-0.13430245051799394,23.40519578670886,0.04149963794447871,0.6398986631082505,-0.3045872599639168,0.07767977782556046,0.7737758523054161,-78.58437872521067
서울 강남구,의복/의류,t_35+,-0.16302831349383562,0.12534502418432078,0.19338290734504626,18,-0.15043286613974982,23.40519578670886,0.04149963794447871,0.6398986631082505,-0.33548947428067144,0.0861593413501085,0.8428313550126054,-63.37639232561899
서울 강남구,의복/의류,r_0.1~10,-0.023175279398772508,0.0313921622771544,0.4603622422559376,34,-0.022908795196045717,23.40519578670886,0.04149963794447871,0.6398986631082505,-0.08121571988558496,0.03909834241651855,0.6587305187495163,-18.230284451236223
서울 강남구,의복/의류,r_10~30,-0.21237442865996264,0.06033289651173738,0.00043147579961193397,12,-0.19133814530110438,23.40519578670886,0.04149963794447871,0.6398986631082505,-0.28152682279991337,-0.08982824133607903,0.00647213699417901,-53.73968102685715
서울 강남구,의복/의류,r_30+,-0.1417116318243854,0.08879253268650479,0.11049193729840245,11,-0.13212851307771545,23.40519578670886,0.04149963794447871,0.6398986631082505,-0.2707546129697771,0.03284975292066039,0.44233057438612694,-34.01743089349717
서울 강남구,의복/의류,r30_lag1,-0.08584064137433714,0.1259268853468218,0.4954473326810508,11,-0.08225953057239521,23.40519578670886,0.04149963794447871,0.6398986631082505,-0.2829841528856072,0.17465684003331128,0.7307173670668098,-21.1783046020664
서울 강남구,인테리어/건축자재/주방기구,t_30~33,0.07325057796040477,0.1794338383720373,0.6831035891605306,18,0.0760001250536011,1.8343480696202532,0.003073822638351281,0.7001218152231627,-0.2430361229541086,0.5295000253297082,0.8394074056818769,2.5093922882934785
서울 강남구,인테리어/건축자재/주방기구,t_33~35,-0.058241684851457524,0.27697491606327357,0.8334508360480395,25,-0.05657809090275956,1.8343480696202532,0.003073822638351281,0.7001218152231627,-0.4517985885048953,0.6235727962415687,0.9642832370210617,-2.594597795756905
서울 강남구,인테리어/건축자재/주방기구,t_35+,-0.22921532695035546,0.27518750689039606,0.4048772470726484,18,-0.2048427037258994,1.8343480696202532,0.003073822638351281,0.7001218152231627,-0.5363303031359852,0.3636326248928272,0.8485991466509051,-6.763550726797146
서울 강남구,인테리어/건축자재/주방기구,r_0.1~10,-0.218922675894067,0.13533290410229637,0.10573581077339868,34,-0.1966161633111415,1.8343480696202532,0.003073822638351281,0.7001218152231627,-0.38379474694347115,0.04741980996014172,0.3965092904002451,-12.26252430728172
서울 강남구,인테리어/건축자재/주방기구,r_10~30,-0.41042459142094123,0.16447902854492333,0.012585052449406425,12,-0.3366314702541312,1.8343480696202532,0.003073822638351281,0.7001218152231627,-0.5194401436531834,-0.08428096844691713,0.07551031469643855,-7.409991451609119
서울 강남구,인테리어/건축자재/주방기구,r_30+,-0.14916552362329444,0.30442399952526794,0.6241390966960878,11,-0.13857348334064412,1.8343480696202532,0.003073822638351281,0.7001218152231627,-0.5256626789923851,0.5644049302879095,0.7642519551380668,-2.796112018331114
서울 강남구,인테리어/건축자재/주방기구,r30_lag1,-0.17740030751335206,0.36273183018861394,0.6247939912604246,11,-0.16255551790276745,1.8343480696202532,0.003073822638351281,0.7001218152231627,-0.5886680370206114,0.704981192113787,0.8149486842527276,-3.280017405181682
서울 강남구,일반병원,t_30~33,-0.11523750125664733,0.12792914895983223,0.36769914092248657,18,-0.10884553153489274,87.89737073822785,0.15412546305985209,0.9465253837785829,-0.30648238070871103,0.14511335339523534,0.6734143661679985,-172.21024869339487
서울 강남구,일반병원,t_33~35,-0.09119479259639371,0.11551410947865039,0.4298380217970169,25,-0.08716012087047531,87.89737073822785,0.15412546305985209,0.9465253837785829,-0.2721078935352702,0.14478043865087842,0.8252688508597966,-191.52863644352297
서울 강남구,일반병원,t_35+,-0.038961547052877854,0.12987859769910065,0.7641890910731122,18,-0.038212307993424344,87.89737073822785,0.15412546305985209,0.9465253837785829,-0.25436837316361316,0.24060666313221613,0.9149425392999948,-60.45770524430461
서울 강남구,일반병원,r_0.1~10,0.09855350033650268,0.068285523820726,0.14894833507130026,34,0.10357344436567706,87.89737073822785,0.15412546305985209,0.9465253837785829,-0.03467082937531263,0.26161560654072935,0.4468450052139008,309.5303368935345
서울 강남구,일반병원,r_10~30,0.09309251379409804,0.09179321539978885,0.31050897694026613,12,0.09756327031371281,87.89737073822785,0.15412546305985209,0.9465253837785829,-0.08315989404401924,0.31390972593379285,0.6009851166585796,102.90665929438026
서울 강남구,일반병원,r_30+,-0.07365074273307023,0.14221990398433737,0.6045523055570667,11,-0.07100390417446911,87.89737073822785,0.15412546305985209,0.9465253837785829,-0.2970023672577565,0.22764815393839766,0.7556903819463334,-68.65162137993407
서울 강남구,일반병원,r30_lag1,-0.34422468598929284,0.1998948318869161,0.08506427568781559,11,-0.29123034045465557,87.89737073822785,0.15412546305985209,0.9465253837785829,-0.5209826957724119,0.04871875370361867,0.47962158471318345,-281.58219325679494
서울 강남구,일식,t_30~33,-0.02954400077576886,0.03554100957649089,0.405823887318964,18,-0.02911184313075943,7.682424897594937,0.01388760771815122,0.9010138822967689,-0.09444238834403018,0.040931908711141274,0.6939505868935324,-4.025691872687239
서울 강남구,일식,t_33~35,-0.05650804415410547,0.05296126632148033,0.2859857085947718,25,-0.05494111773471766,7.682424897594937,0.01388760771815122,0.9010138822967689,-0.14812214588417982,0.048432338783483964,0.7737758523054161,-10.552025269672242
서울 강남구,일식,t_35+,-0.03158254408233352,0.04962329989750161,0.5244858540588444,18,-0.031089024714518798,7.682424897594937,0.01388760771815122,0.9010138822967689,-0.12088909008718263,0.06788400353462043,0.9097842453338184,-4.299103755157744
서울 강남구,일식,r_0.1~10,-0.031060883393564498,0.013542247103723683,0.021811849099577403,34,-0.03058345009005725,7.682424897594937,0.01388760771815122,0.9010138822967689,-0.05597599838181311,-0.004507887904964036,0.15704620018804633,-7.988471986491071
서울 강남구,일식,r_10~30,-0.05621840072087311,0.024191299575301934,0.020130323234323524,12,-0.05466734798956108,7.682424897594937,0.01388760771815122,0.9010138822967689,-0.09844420583556501,-0.008764816618664129,0.10065161617161762,-5.0397335433658865
서울 강남구,일식,r_30+,-0.13130194610030013,0.08277172944238949,0.1126681175362225,11,-0.12304705811046512,7.682424897594937,0.01388760771815122,0.9010138822967689,-0.25437652828916524,0.03141396625314252,0.44233057438612694,-10.398297610840132
서울 강남구,일식,r30_lag1,0.02239984476511915,0.034120073554006584,0.5115021569467668,11,0.022652605023266492,7.682424897594937,0.01388760771815122,0.9010138822967689,-0.04350096539391479,0.09338150141633172,0.7307173670668098,1.914296305087393
서울 강남구,자동차서비스,t_30~33,-0.23544901893334078,0.14352948054341577,0.10091730734991995,18,-0.20978405196616434,2.2229660584810125,0.003984213189881728,0.9050056751590518,-0.4035541378839166,0.0469370049975828,0.6734143661679985,-8.394170888365204
서울 강남구,자동차서비스,t_33~35,-0.16695592474963666,0.18046464297443524,0.3548905958899534,25,-0.1537630913811472,2.2229660584810125,0.003984213189881728,0.9050056751590518,-0.40587564220811967,0.20533167192523316,0.7886457686443409,-8.545253329685112
서울 강남구,자동차서비스,t_35+,-0.09586877569217223,0.1767200610245225,0.5874813460839912,18,-0.09141676354746375,2.2229660584810125,0.003984213189881728,0.9050056751590518,-0.35740466718675945,0.28467085801647096,0.9097842453338184,-3.6578945257595312
서울 강남구,자동차서비스,r_0.1~10,-0.10006642291936596,0.08107481599791852,0.217110536364019,34,-0.09522268191086891,2.2229660584810125,0.003984213189881728,0.9050056751590518,-0.22815618552013828,0.0606057598326708,0.5210652872736455,-7.1970108561034465
서울 강남구,자동차서비스,r_10~30,-0.0924365950468779,0.10274859974091131,0.3683126673287752,12,-0.08829298412751385,2.2229660584810125,0.003984213189881728,0.9050056751590518,-0.25459221694136125,0.11510733008502161,0.6499635305801915,-2.3552676830095924
서울 강남구,자동차서비스,r_30+,-0.4586499859015387,0.1548072985975187,0.0030493825275856976,11,-0.3678635371433132,2.2229660584810125,0.003984213189881728,0.9050056751590518,-0.5333017105113134,-0.14377978948506476,0.09148147582757093,-8.9952297294459
서울 강남구,자동차서비스,r30_lag1,-0.2206245487532309,0.13843704778541174,0.11100741126745106,11,-0.19798225766911148,2.2229660584810125,0.003984213189881728,0.9050056751590518,-0.3885738883136821,0.05201993621027312,0.5123418981574664,-4.841186228778646
서울 강남구,자동차용품,t_30~33,-0.02194832924001425,0.18044247780631809,0.9031871783479257,18,-0.021709217226487887,0.8253337487341772,0.0014294442406677919,0.8149190649570006,-0.3131336764926026,0.39336115763041035,0.934331563808199,-0.32251229344119287
서울 강남구,자동차용품,t_33~35,0.0968644913446754,0.18548319953893957,0.601511701733807,25,0.10171107211947716,0.8253337487341772,0.0014294442406677919,0.8149190649570006,-0.23408384982111186,0.5847260645269836,0.8593024310482957,2.0986395110035088
서울 강남구,자동차용품,t_35+,0.37143973148500115,0.3297702715775076,0.2600135704265918,18,0.44982046494184025,0.8253337487341772,0.0014294442406677919,0.8149190649570006,-0.24035951282054624,1.7670712870621554,0.8485991466509051,6.682536190580392
서울 강남구,자동차용품,r_0.1~10,-0.023963933935066684,0.08980259779759871,0.789583705930412,33,-0.023679078823324207,0.8253337487341772,0.0014294442406677919,0.8149190649570006,-0.1812504368731629,0.16421746533452097,0.8586870214236699,-0.6449237154302658
서울 강남구,자동차용품,r_10~30,0.06980040150545952,0.10964879690089625,0.524397443641867,12,0.07229413159856102,0.8253337487341772,0.0014294442406677919,0.8149190649570006,-0.13507392698082976,0.3293791695365247,0.6915331695886506,0.7160014397246676
서울 강남구,자동차용품,r_30+,-0.13482850813009675,0.1917619833151505,0.48199129503048843,11,-0.12613424028801434,0.8253337487341772,0.0014294442406677919,0.8149190649570006,-0.3999138168080545,0.27255282222144595,0.6286842978658544,-1.145131299187088
서울 강남구,자동차용품,r30_lag1,0.02125382388264532,0.1388588846721418,0.878350488162923,11,0.021481295083415564,0.8253337487341772,0.0014294442406677919,0.8149190649570006,-0.22190728431673368,0.3410021905796021,0.9502805054478407,0.19502161578746458
서울 강남구,장례식장/묘지/장의사,t_30~33,0.06080696497897309,0.2156849451664774,0.7780010664065731,18,0.06269375727481719,1.3770177305063291,0.002505690395451658,0.5429274047382903,-0.3036727396790697,0.6218207818409645,0.8394074056818769,1.5539474764707015
서울 강남구,장례식장/묘지/장의사,t_33~35,0.0899690701142779,0.1942410579441229,0.6432335172416865,24,0.09414044154302514,1.3770177305063291,0.002505690395451658,0.5429274047382903,-0.2522924874315067,0.60108503083992,0.897535140337237,3.1111933718985654
서울 강남구,장례식장/묘지/장의사,t_35+,-0.34839482325589444,0.2419662345477716,0.14991014519632156,17,-0.29417985301489424,1.3770177305063291,0.002505690395451658,0.5429274047382903,-0.5607333481801069,0.13412224175474075,0.8378131698016305,-6.886544850507338
서울 강남구,장례식장/묘지/장의사,r_0.1~10,-0.18802564855182147,0.0831813660089196,0.02379458127082235,34,-0.1714065452620288,1.3770177305063291,0.002505690395451658,0.5429274047382903,-0.2960592764904,-0.024680501773466146,0.15704620018804633,-8.025014966322075
서울 강남구,장례식장/묘지/장의사,r_10~30,-0.027354164528081037,0.16546045360045442,0.8686909649395068,12,-0.026983427462052845,1.3770177305063291,0.002505690395451658,0.5429274047382903,-0.29647836785656534,0.34574575560523435,0.8986458257994898,-0.44587989654093796
서울 강남구,장례식장/묘지/장의사,r_30+,-0.4187660674118877,0.49457950245721916,0.3971560429843508,11,-0.3421419282899163,1.3770177305063291,0.002505690395451658,0.5429274047382903,-0.7504614563682788,0.7343102040092824,0.5979963931766618,-5.182490517653237
서울 강남구,장례식장/묘지/장의사,r30_lag1,-0.182263631663512,0.20835558142744837,0.3816979673566119,11,-0.1666183943265539,1.3770177305063291,0.002505690395451658,0.5429274047382903,-0.4460276876887498,0.25371771339472926,0.6729174585787508,-2.5238013153777583
서울 강남구,정육점,t_30~33,-0.09468617405432425,0.059908534034401745,0.11398959562406001,18,-0.0903416359253717,1.4363526192405063,0.002574047329646551,0.782969643427121,-0.19112177675373254,0.022994952206790487,0.6734143661679985,-2.3357240169818376
서울 강남구,정육점,t_33~35,-0.16075204031439658,0.06684657722322929,0.016181721865949305,25,-0.14849681660595393,1.4363526192405063,0.002574047329646551,0.782969643427121,-0.253060682188609,-0.029295079211135944,0.48196841476957236,-5.332344787020976
서울 강남구,정육점,t_35+,-0.1292147162619388,0.09055413007326632,0.1535990811302989,18,-0.12121474419838985,1.4363526192405063,0.002574047329646551,0.782969643427121,-0.2641292677475442,0.04945541651106233,0.8378131698016305,-3.1339280757586536
서울 강남구,정육점,r_0.1~10,-0.030408024456741956,0.022918512623171756,0.18457857667558042,34,-0.029950351192295055,1.4363526192405063,0.002574047329646551,0.782969643427121,-0.07256105039770089,0.014618074381570922,0.48733019754392876,-1.4626550229956847
서울 강남구,정육점,r_10~30,-0.02958522635368753,0.054597751613494554,0.5879037405983181,12,-0.02915186773109646,1.4363526192405063,0.002574047329646551,0.782969643427121,-0.12767814160933555,0.08050266866969236,0.7131259533202003,-0.5024683388557584
서울 강남구,정육점,r_30+,-0.08818411055520745,0.078803977277563,0.26312682183535285,11,-0.08440770900044336,1.4363526192405063,0.002574047329646551,0.782969643427121,-0.21544602392361,0.06851697767215548,0.5140160639278862,-1.33363157297565
서울 강남구,정육점,r30_lag1,-0.014654013099266512,0.08335669216316835,0.8604519497866271,11,-0.014547165600912182,1.4363526192405063,0.002574047329646551,0.782969643427121,-0.1630853037360438,0.16035396816465197,0.9502805054478407,-0.2298434535473517
서울 강남구,제과점,t_30~33,-0.031881365045588965,0.02282456335414824,0.16247352525411496,18,-0.031378512370818124,3.4619615984810124,0.006234083883685429,0.8180056048990603,-0.07375593432383787,0.01293775697451749,0.6734143661679985,-1.955361687214207
서울 강남구,제과점,t_33~35,-0.04742388067390784,0.02526235797508391,0.060483191357024985,25,-0.046316935918052415,3.4619615984810124,0.006234083883685429,0.8180056048990603,-0.09238781650332317,0.002092527243010789,0.48196841476957236,-4.008686337690084
서울 강남구,제과점,t_35+,-0.08551163652241722,0.03710500574236713,0.021189831590764745,18,-0.08195753982966447,3.4619615984810124,0.006234083883685429,0.8180056048990603,-0.14635293869579058,-0.01270443385822495,0.42379663181529487,-5.107209400732976
서울 강남구,제과점,r_0.1~10,-0.028644366861735993,0.01283824987040987,0.025669618163717683,34,-0.02823800621037853,3.4619615984810124,0.006234083883685429,0.8180056048990603,-0.05238534042954435,-0.0034753440791727153,0.15704620018804633,-3.3238023660119596
서울 강남구,제과점,r_10~30,-0.06271981277054103,0.016460508441588244,0.0001387867500468629,12,-0.0607934094810888,3.4619615984810124,0.006234083883685429,0.8180056048990603,-0.0906110688991939,-0.029998068476186912,0.0047199656236612125,-2.5255733887711314
서울 강남구,제과점,r_30+,-0.13665912028481927,0.06589526411209151,0.03809010456698209,11,-0.1277324862387781,3.4619615984810124,0.006234083883685429,0.8180056048990603,-0.23341817733380343,-0.007476314900188852,0.2991508637964284,-4.8642545846086955
서울 강남구,제과점,r30_lag1,-0.011946031152958073,0.03485728404132821,0.7318146674178361,11,-0.011874960607958784,3.4619615984810124,0.006234083883685429,0.8180056048990603,-0.07712945403424298,0.057993559055195876,0.9003435469838933,-0.4522172336905085
서울 강남구,종합병원,t_30~33,-0.07128072920121994,0.05627623487210639,0.20529040563040102,18,-0.06879955972504981,23.74366630936709,0.04090581528354443,0.9419115440822191,-0.16605026610639206,0.03979199791781074,0.6734143661679985,-29.403968190173174
서울 강남구,종합병원,t_33~35,-0.19941097044269268,0.07094434043444581,0.0049417155544962945,25,-0.18078684824938807,23.74366630936709,0.04090581528354443,0.9419115440822191,-0.28713404503518836,-0.05857450011861143,0.29650293326977767,-107.3135649488914
서울 강남구,종합병원,t_35+,-0.21060983839095992,0.05116980813878247,3.8567068514261225e-05,18,-0.18990992872344736,23.74366630936709,0.04090581528354443,0.9419115440822191,-0.2672148000075144,-0.10444981204917947,0.0023140241108556736,-81.16484357601401
서울 강남구,종합병원,r_0.1~10,0.02116430231923372,0.0348642285521589,0.543818256451543,34,0.02138985457389353,23.74366630936709,0.04090581528354443,0.9419115440822191,-0.046074388215762485,0.09362535415648643,0.719207818900602,17.26770135988619
서울 강남구,종합병원,r_10~30,0.14154023200898566,0.07747687785224866,0.06771922437407948,12,0.15204685248778227,23.74366630936709,0.04090581528354443,0.9419115440822191,-0.010261437074691848,0.34097225271717124,0.27087689749631794,43.32179674631356
서울 강남구,종합병원,r_30+,0.005624879255940546,0.06482518893742341,0.9308543634745662,11,0.005640728592195332,23.74366630936709,0.04090581528354443,0.9419115440822191,-0.11434915932102874,0.14188710556423456,0.94663155607583,1.4732473517827114
서울 강남구,종합병원,r30_lag1,-0.07090967164623574,0.06025032372940115,0.2392283618236083,11,-0.0684539666529862,23.74366630936709,0.04090581528354443,0.9419115440822191,-0.17221374673691903,0.04831169740235475,0.6528579528159035,-17.878829559371514
서울 강남구,주류판매,t_30~33,-0.17717978340830692,0.16889777020292718,0.29416170748325043,18,-0.16237082084349963,0.8089933258227847,0.001292668905338801,0.5769201284624859,-0.39843423407229506,0.16632741009187058,0.6734143661679985,-2.3644243866736496
서울 강남구,주류판매,t_33~35,-0.010653343782232748,0.16332811396008437,0.9479935521415805,25,-0.010596797894429022,0.8089933258227847,0.001292668905338801,0.5769201284624859,-0.28163425619489046,0.36270236265934064,0.9778705464257014,-0.21431846929215043
서울 강남구,주류판매,t_35+,-0.1011463382081069,0.20233562604971317,0.6171498120809848,18,-0.09619923737608449,0.8089933258227847,0.001292668905338801,0.5769201284624859,-0.3920874048125724,0.34370602778467463,0.9097842453338184,-1.4008417377568945
서울 강남구,주류판매,r_0.1~10,-0.0345693447351485,0.09905652341307432,0.7270997831967743,34,-0.0339786511307969,0.8089933258227847,0.001292668905338801,0.5769201284624859,-0.20444884724443246,0.17301979041666815,0.8586870214236699,-0.9346090674993673
서울 강남구,주류판매,r_10~30,-0.09556555564098271,0.14258741979227652,0.502714806416897,12,-0.09114122111911316,0.8089933258227847,0.001292668905338801,0.5769201284624859,-0.31273608063914893,0.20190258309653664,0.6915331695886506,-0.8847916751124142
서울 강남구,주류판매,r_30+,-0.10295073594999946,0.24543975292147702,0.6748842179107948,11,-0.09782858299543007,0.8089933258227847,0.001292668905338801,0.5769201284624859,-0.44234380901034,0.45952520354091275,0.7750237393867928,-0.8705693778980362
서울 강남구,주류판매,r30_lag1,0.054010494122086486,0.17860457476219022,0.7623451458956623,11,0.05549567859747406,0.8089933258227847,0.001292668905338801,0.5769201284624859,-0.25625308677141667,0.49791697649109246,0.9148141750747947,0.4938519695709916
서울 강남구,주유소,t_30~33,0.013932995713401668,0.015358073954582392,0.36429584466374765,18,0.014030512271095086,3.14619476721519,0.005786716589206509,0.7822693186213047,-0.01603881538518681,0.04501874250182647,0.6734143661679985,0.7945690371960217
서울 강남구,주유소,t_33~35,0.02526307448852247,0.026220445101303568,0.335302869332347,25,0.02558489025854671,3.14619476721519,0.005786716589206509,0.7822693186213047,-0.025790589475137682,0.07966968473437075,0.7737758523054161,2.012376196280364
서울 강남구,주유소,t_35+,0.04752104064601087,0.027398059111327665,0.08283518327423577,18,0.04866826554691772,3.14619476721519,0.005786716589206509,0.7822693186213047,-0.006160103493995872,0.10652141761601852,0.8283518327423576,2.7561571630767334
서울 강남구,주유소,r_0.1~10,-0.07380374137458567,0.016296844861919176,5.9343898459223755e-06,34,-0.07114602844241635,3.14619476721519,0.005786716589206509,0.7822693186213047,-0.10034647077438963,-0.04099781476882802,0.0003560633907553425,-7.610534921384896
서울 강남구,주유소,r_10~30,-0.08302189462024248,0.023373743335998218,0.00038241692613253774,12,-0.07966900329813864,3.14619476721519,0.005786716589206509,0.7822693186213047,-0.12088049205680373,-0.036525596534742744,0.00647213699417901,-3.0078504154302426
서울 강남구,주유소,r_30+,-0.09601667969467254,0.04252522302295603,0.023953392404771776,11,-0.09155113670733062,3.14619476721519,0.005786716589206509,0.7822693186213047,-0.16420015700613888,-0.012587350744687087,0.23953392404771776,-3.168414779653267
서울 강남구,주유소,r30_lag1,0.0262950106332479,0.02650178100974842,0.3211010120106118,11,0.026643774632851835,3.14619476721519,0.005786716589206509,0.7822693186213047,-0.025322352058166686,0.08138053870225836,0.6528579528159035,0.922091547616132
서울 강남구,주차장,t_30~33,-0.06593770260179824,0.04728143811052205,0.16314281910283113,18,-0.06381081537457578,0.5563949546835444,0.0010139848020257608,0.7833239209257838,-0.14667032841606487,0.02709447309240476,0.6734143661679985,-0.639072283115828
서울 강남구,주차장,t_33~35,-0.1225416704013919,0.05700825779405734,0.031591424453055204,25,-0.11533096033858836,0.5563949546835444,0.0010139848020257608,0.7833239209257838,-0.20885803793288105,-0.010747315575903249,0.48196841476957236,-1.604239111279963
서울 강남구,주차장,t_35+,-0.10985952391368756,0.07449996085566225,0.14031332074046757,18,-0.10404001259076101,0.5563949546835444,0.0010139848020257608,0.7833239209257838,-0.22576470059316212,0.03682213876500762,0.8378131698016305,-1.0419720856328134
서울 강남구,주차장,r_0.1~10,-0.059373309845689226,0.03331485611810807,0.07471871089569027,34,-0.057645086881676466,0.5563949546835444,0.0010139848020257608,0.7833239209257838,-0.11721220306983249,0.005941388594534969,0.29887484358276106,-1.090496807110818
서울 강남구,주차장,r_10~30,-0.010645094550068596,0.028792880295545293,0.7115965412461707,12,-0.010588636044046362,0.5563949546835444,0.0010139848020257608,0.7833239209257838,-0.06487880701682736,0.04685345008836328,0.82107293220712,-0.07069756406265265
서울 강남구,주차장,r_30+,-0.15446819577112064,0.10468691171770889,0.14007134855560685,11,-0.1431292561780083,0.5563949546835444,0.0010139848020257608,0.7833239209257838,-0.3020826149400918,0.05202633912755772,0.44233057438612694,-0.8760003560555758
서울 강남구,주차장,r30_lag1,0.006355265263408204,0.05951531936175332,0.9149605889721383,11,0.006375502810638034,0.5563949546835444,0.0010139848020257608,0.7833239209257838,-0.10442988247445983,0.1308904047130417,0.9502805054478407,0.03902027357150735
서울 강남구,중식,t_30~33,-0.054898098681535216,0.023726259021771657,0.02067804645820422,18,-0.0534183990477719,5.275297734050633,0.009440897186184682,0.8409442197691621,-0.09642988334328695,-0.008359494472192308,0.6203413937461266,-5.0723632701598245
서울 강남구,중식,t_33~35,-0.06991487028430232,0.040498325220281704,0.08428186123249187,25,-0.06752680229458807,5.275297734050633,0.009440897186184682,0.8409442197691621,-0.13868207144827183,0.009506751938852975,0.48196841476957236,-8.905599678308139
서울 강남구,중식,t_35+,-0.018159851334074606,0.04293308644063651,0.672309607914928,18,-0.017995954845356543,5.275297734050633,0.009440897186184682,0.8409442197691621,-0.09724917121477272,0.06821496469598531,0.9097842453338184,-1.7088123567201636
서울 강남구,중식,r_0.1~10,-0.03290467341664893,0.013627529143982882,0.015753635693221503,34,-0.03236920386959463,5.275297734050633,0.009440897186184682,0.8409442197691621,-0.05787246918538769,-0.006175568598042691,0.15704620018804633,-5.805744386094048
서울 강남구,중식,r_10~30,-0.03485719957158724,0.02762271023838449,0.2069834493550824,12,-0.034256685029550926,5.275297734050633,0.009440897186184682,0.8409442197691621,-0.08515233292605717,0.019470436420459647,0.49968573434069596,-2.168570554949715
서울 강남구,중식,r_30+,-0.08659936711746424,0.058274115905106165,0.1372608257414726,11,-0.08295557980343349,5.275297734050633,0.009440897186184682,0.8409442197691621,-0.18193757760244678,0.028002809552069685,0.44233057438612694,-4.813769203803
서울 강남구,중식,r30_lag1,0.005913661605525353,0.03330156428930211,0.8590535443743563,11,0.005931181821500875,5.275297734050633,0.009440897186184682,0.8409442197691621,-0.05763009818900522,0.07377956428382548,0.9502805054478407,0.3441762502552646
서울 강남구,치과병원,t_30~33,-0.4614189575803317,0.2951216858379635,0.11793806051690864,18,-0.36961148398162813,10.918390431392405,0.020324301541466073,0.8754687902617443,-0.6464949336643462,0.12414140268791174,0.6734143661679985,-72.6401248206796
서울 강남구,치과병원,t_33~35,-0.34546250807319867,0.2546107570950447,0.17483648794848072,25,-0.2921071284259349,10.918390431392405,0.020324301541466073,0.8754687902617443,-0.5702276340506297,0.16599473890885252,0.7737758523054161,-79.733491898681
서울 강남구,치과병원,t_35+,-0.32273343686038725,0.34216101812002864,0.34556790522953273,18,-0.2758331351648716,10.918390431392405,0.020324301541466073,0.8754687902617443,-0.6296730564780553,0.41609369045021505,0.8485991466509051,-54.209769545611834
서울 강남구,치과병원,r_0.1~10,0.057528654719845695,0.10084744702513573,0.5683709885489411,34,0.059215621746776526,10.918390431392405,0.020324301541466073,0.8754687902617443,-0.1307568091173854,0.29070638127543336,0.719207818900602,21.982335447544532
서울 강남구,치과병원,r_10~30,0.01575111264370639,0.14794493780419243,0.9152125931445216,12,0.01587581529332227,10.918390431392405,0.020324301541466073,0.8754687902617443,-0.2398359132996688,0.3576064564922079,0.9152125931445216,2.0800601974699573
서울 강남구,치과병원,r_30+,-0.6089752764760079,0.5945814709531099,0.3057369001296163,11,-0.45609206113566525,10.918390431392405,0.020324301541466073,0.8754687902617443,-0.8304071915523168,0.744389096846106,0.5373823700282627,-54.77770315751456
서울 강남구,치과병원,r30_lag1,-0.501884847493581,0.16797528440522047,0.0028094798456660863,11,-0.39461148136209934,10.918390431392405,0.020324301541466073,0.8754687902617443,-0.5644372496143917,-0.1585707038213674,0.0842843953699826,-47.3937444444368
서울 강남구,커피전문점,t_30~33,0.014266698351725594,0.015926818829610008,0.37037790139239923,18,0.014368953394588102,19.562015949240507,0.0362136621846733,0.7998516649368472,-0.016807025749052462,0.04653348890612308,0.6734143661679985,5.059542518618868
서울 강남구,커피전문점,t_33~35,0.03908030619394014,0.018731641568370025,0.036949125449904266,25,0.03985398701314491,19.562015949240507,0.0362136621846733,0.7998516649368472,0.0023690905906637028,0.07874067991258649,0.48196841476957236,19.49060823979912
서울 강남구,커피전문점,t_35+,0.06994901953468946,0.022694124290264628,0.0020544054651496454,18,0.07245350568179165,19.562015949240507,0.0362136621846733,0.7998516649368472,0.02579563005282859,0.1212335948340233,0.06163216395448936,25.512059407060725
서울 강남구,커피전문점,r_0.1~10,-0.020216872680808073,0.009091894861162847,0.02617436669800772,34,-0.020013881957701152,19.562015949240507,0.0362136621846733,0.7998516649368472,-0.037322665937131405,-0.0023938888199724895,0.15704620018804633,-13.31140385413407
서울 강남구,커피전문점,r_10~30,-0.048588477725881304,0.018238061815287372,0.0077188858034914435,12,-0.04742694592035346,19.562015949240507,0.0362136621846733,0.7998516649368472,-0.0808767742938179,-0.012759771507836803,0.06475804846451083,-11.133200070212656
서울 강남구,커피전문점,r_30+,0.008608729009191463,0.026702228745012387,0.7471516568530978,11,0.008645890678469659,19.562015949240507,0.0362136621846733,0.7998516649368472,-0.04278537041012054,0.06284055982142256,0.8301685076145531,1.8604415648237462
서울 강남구,커피전문점,r30_lag1,0.04311055961048302,0.015881289014637763,0.00663657990256984,11,0.04405331859812045,19.562015949240507,0.0362136621846733,0.7998516649368472,0.012055319735774894,0.07706299331575606,0.11719831352484172,9.479488931367463
서울 강남구,패션잡화,t_30~33,-0.06370026022501862,0.20668036458042688,0.7579251020800435,18,-0.06171380092054035,5.789225560379747,0.009937535228975489,0.4992609987853982,-0.37424338336736884,0.40690640415526413,0.8394074056818769,-6.430952046912829
서울 강남구,패션잡화,t_33~35,-0.0063432411797268405,0.17807941233455485,0.9715851256140046,25,-0.006323165296546751,5.789225560379747,0.009937535228975489,0.4992609987853982,-0.29909217362251406,0.4087353781301568,0.9778705464257014,-0.9151557539318659
서울 강남구,패션잡화,t_35+,-0.02056373477216361,0.1875203668388797,0.9126779613687743,18,-0.020353743046233275,5.789225560379747,0.009937535228975489,0.4992609987853982,-0.3216579730928689,0.4147830308248246,0.9400449924716084,-2.1209833708677936
서울 강남구,패션잡화,r_0.1~10,-0.14373435058430106,0.06453163531033071,0.02592408515239544,34,-0.13388219881107533,5.789225560379747,0.009937535228975489,0.4992609987853982,-0.23678564937311652,-0.017104375828131846,0.15704620018804633,-26.35252441285529
서울 강남구,패션잡화,r_10~30,0.027006620398146094,0.13320834247378774,0.8393384854744581,12,0.0273746043699008,5.789225560379747,0.009937535228975489,0.4992609987853982,-0.20870286013561545,0.333883979266127,0.8986458257994898,1.9017331118821543
서울 강남구,패션잡화,r_30+,-0.26336187984851456,0.32447759242353,0.4169931255857726,11,-0.23153624456018096,5.789225560379747,0.009937535228975489,0.4992609987853982,-0.5931610861693603,0.4515242356351894,0.5979963931766618,-14.744570996783494
서울 강남구,패션잡화,r30_lag1,0.22815523589770895,0.13828130201725902,0.09895611901409986,11,0.25628033010090756,5.789225560379747,0.009937535228975489,0.4992609987853982,-0.04196993274113148,0.6473807260706672,0.49478059507049926,16.320311014070064
서울 강남구,패스트푸드,t_30~33,-0.0035726071014944086,0.012495534184042185,0.7749465074846464,18,-0.0035662329338018717,2.1478752874683544,0.0040002771796980655,0.8349074862564618,-0.027673722202581685,0.021138968288377802,0.8394074056818769,-0.13787682458163855
서울 강남구,패스트푸드,t_33~35,-0.008313506067473076,0.025270034092976127,0.7421657126792576,25,-0.008279044441010575,2.1478752874683544,0.0040002771796980655,0.8349074862564618,-0.05620167354454064,0.04207692059438073,0.9474455906543714,-0.44455887396747173
서울 강남구,패스트푸드,t_35+,0.006310307173893914,0.024824100952067597,0.7993404060575903,18,0.0063302591077405435,2.1478752874683544,0.0040002771796980655,0.8349074862564618,-0.04146090600936381,0.05650421223794644,0.9149425392999948,0.244738927814173
서울 강남구,패스트푸드,r_0.1~10,-0.02059780881193629,0.010756748857540322,0.05550869172578916,34,-0.020387122983057893,2.1478752874683544,0.0040002771796980655,0.8349074862564618,-0.040824326254210286,0.00048553678368623565,0.2561939618113346,-1.4888259196881977
서울 강남구,패스트푸드,r_10~30,-0.07173043307760008,0.018980315425865316,0.00015733218745537375,12,-0.06921823002684369,2.1478752874683544,0.0040002771796980655,0.8349074862564618,-0.10320846941822326,-0.033939690808263645,0.0047199656236612125,-1.784065508603491
서울 강남구,패스트푸드,r_30+,-0.05090530612431879,0.025896599388420094,0.04933166495082222,11,-0.049631339636607485,2.1478752874683544,0.0040002771796980655,0.8349074862564618,-0.09666575172424352,-0.00014796037579911658,0.2991508637964284,-1.1726212067835962
서울 강남구,패스트푸드,r30_lag1,0.024611330469631404,0.017663917523169172,0.16352576773338356,11,0.024916689212125975,2.1478752874683544,0.0040002771796980655,0.8349074862564618,-0.009960015094606645,0.06102201511176886,0.5771497684707655,0.588697351046802
서울 강남구,편의점,t_30~33,-0.009473018800664083,0.01713722862063184,0.5804179988884473,18,-0.009428291104922826,12.211764372025316,0.022810671366900893,0.9489213686644287,-0.04214798604744918,0.024409090517317544,0.804091936671476,-2.0724492492752358
서울 강남구,편의점,t_33~35,-0.018845727864553345,0.024886996444272304,0.4488989012154506,25,-0.018669257445142806,12.211764372025316,0.022810671366900893,0.9489213686644287,-0.06538840357903242,0.030385274450958732,0.8252688508597966,-5.699614323019082
서울 강남구,편의점,t_35+,0.00565155554585417,0.025330568491723767,0.8234482853699954,18,0.005667555713642747,12.211764372025316,0.022810671366900893,0.9489213686644287,-0.0430425579621776,0.056857064052258766,0.9149425392999948,1.245795388925958
서울 강남구,편의점,r_0.1~10,0.0024446082284156345,0.00979355969962731,0.8028859799901185,34,0.0024475987194740867,12.211764372025316,0.022810671366900893,0.9489213686644287,-0.016611254730827696,0.021875827858268693,0.8586870214236699,1.0162429605426069
서울 강남구,편의점,r_10~30,-0.020760294268150042,0.013727469188088714,0.13045306704695628,12,-0.02054628289735705,12.211764372025316,0.022810671366900893,0.9489213686644287,-0.04654794071291857,0.006164467947656682,0.39135920114086886,-3.0108763855619745
서울 강남구,편의점,r_30+,-0.051990797006666756,0.0374001373509236,0.16449148250316792,11,-0.05066239644967596,12.211764372025316,0.022810671366900893,0.9489213686644287,-0.11776345402262967,0.021542226542256016,0.45662749035017514,-6.805449727621323
서울 강남구,편의점,r30_lag1,-0.001958152333375651,0.024436259805743325,0.9361314272469123,11,-0.001956236403860001,12.211764372025316,0.022810671366900893,0.9489213686644287,-0.04863094527416445,0.04700836032574163,0.9502805054478407,-0.2627800782190814
서울 강남구,학원/학습지,t_30~33,-0.12013901259628752,0.09038247409845306,0.18377240490634716,18,-0.11320284782620027,49.87082463455696,0.09350823246652,0.8228596461705942,-0.25717044512755116,0.05866707099261226,0.6734143661679985,-101.61934869731168
서울 강남구,학원/학습지,t_33~35,-0.12541501648063488,0.10378118730744833,0.22687184394016813,25,-0.11786927218454868,49.87082463455696,0.09350823246652,0.8228596461705942,-0.2802318578344628,0.0811184538051597,0.7737758523054161,-146.95594507296224
서울 강남구,학원/학습지,t_35+,-0.1659177730718197,0.1064317416309373,0.11901708993444489,18,-0.15288411293710458,49.87082463455696,0.09350823246652,0.8228596461705942,-0.3123834844713508,0.043612696769872006,0.8378131698016305,-137.24022214253057
서울 강남구,학원/학습지,r_0.1~10,-0.052762296416033916,0.03612427264913322,0.14413145072064484,34,-0.051394527394494904,49.87082463455696,0.09350823246652,0.8228596461705942,-0.11623657488446149,0.018205004964390703,0.4468450052139008,-87.14497373747083
서울 강남구,학원/학습지,r_10~30,0.048307205889073154,0.041418120224105175,0.24348095338304188,12,0.049493016241479726,49.87082463455696,0.09350823246652,0.8228596461705942,-0.03233788728247977,0.1382439972217553,0.5217449001065183,29.61909040336938
서울 강남구,학원/학습지,r_30+,-0.19068252333653501,0.12340608868631249,0.12230683930726344,11,-0.17360509239319077,49.87082463455696,0.09350823246652,0.8228596461705942,-0.3511530777236599,0.052526443251913024,0.44233057438612694,-95.23612030247563
서울 강남구,학원/학습지,r30_lag1,0.07006261740712655,0.06096740920354548,0.2504811567642323,11,0.07257534103831254,49.87082463455696,0.09350823246652,0.8228596461705942,-0.04823155577455862,0.20871612121966687,0.6528579528159035,39.813313162863345
서울 강남구,한식,t_30~33,-0.009798537738991954,0.017952106568720042,0.5851927784430211,18,-0.009750688479867486,37.05463897,0.06672002804318218,0.913825871890181,-0.04398785937580918,0.025712600601343727,0.804091936671476,-6.503548343947701
서울 강남구,한식,t_33~35,-0.04267300260429678,0.03236802746677172,0.18738016744312502,25,-0.041775324184082474,37.05463897,0.06672002804318218,0.913825871890181,-0.10067818305685328,0.0209854937841083,0.7737758523054161,-38.699238887397144
서울 강남구,한식,t_35+,-0.016789595337136642,0.03018484116069566,0.578056324810668,18,-0.016649435586106653,37.05463897,0.06672002804318218,0.913825871890181,-0.07313919769036181,0.04328323101323939,0.9097842453338184,-11.104898844554144
서울 강남구,한식,r_0.1~10,-0.007422649871305698,0.009325867884176426,0.4260782175353772,34,-0.007395170038843379,37.05463897,0.06672002804318218,0.913825871890181,-0.025373882661890557,0.010915191923198675,0.6587305187495163,-9.316862100977477
서울 강남구,한식,r_10~30,-0.019877437416956287,0.016729283756982686,0.2347616292920205,12,-0.019681183649577716,37.05463897,0.06672002804318218,0.913825871890181,-0.05130396650388114,0.01299567802464563,0.5216925095378233,-8.751349855648431
서울 강남구,한식,r_30+,-0.06402791276497202,0.05074773824095765,0.20706036441556397,11,-0.062021182416957976,37.05463897,0.06672002804318218,0.913825871890181,-0.15082796417468913,0.036073051298020076,0.45662749035017514,-25.279897752481784
서울 강남구,한식,r30_lag1,0.026595077488180595,0.02651473875661943,0.3158464036437597,11,0.02695188262562831,37.05463897,0.06672002804318218,0.913825871890181,-0.025054600899333535,0.08173254645968986,0.6528579528159035,10.9856150827992
서울 강남구,한의원,t_30~33,-0.16625779936634488,0.1693549675196828,0.3262417650082743,18,-0.15317210564789407,4.197296607594937,0.007854583267777443,0.8816107927997991,-0.3923726740607657,0.18019294399629548,0.6734143661679985,-11.572357669453424
서울 강남구,한의원,t_33~35,-0.18862562900591165,0.18381328303710484,0.30480645393521455,25,-0.17190353603197606,4.197296607594937,0.007854583267777443,0.8816107927997991,-0.4224150014375031,0.18726032591399577,0.7737758523054161,-18.038253215514676
서울 강남구,한의원,t_35+,-0.06674483771453316,0.23665621263745504,0.7779182840789522,18,-0.06456614167145591,4.197296607594937,0.007854583267777443,0.8816107927997991,-0.4117428016049909,0.4875066649330626,0.9149425392999948,-4.878058453255728
서울 강남구,한의원,r_0.1~10,-0.09171287207859691,0.08424701393951392,0.2763220811437138,34,-0.08763292199753236,4.197296607594937,0.007854583267777443,0.8816107927997991,-0.22650573194716206,0.0761730492434598,0.549760388022446,-12.505926451271726
서울 강남구,한의원,r_10~30,-0.07145559893970996,0.09434317520165725,0.44880976069144984,12,-0.06896238426556511,4.197296607594937,0.007854583267777443,0.8816107927997991,-0.22614303509547062,0.12014374907047864,0.6915331695886506,-3.4734669783541787
서울 강남구,한의원,r_30+,-0.3508025992224494,0.3502156142784029,0.3165000691623888,11,-0.29587726548699134,4.197296607594937,0.007854583267777443,0.8816107927997991,-0.6455631911525321,0.3988073836638113,0.5373823700282627,-13.660731069623168
서울 강남구,한의원,r30_lag1,-0.1825809700524009,0.27300402640883303,0.5036327014342243,11,-0.1668828163447802,4.197296607594937,0.007854583267777443,0.8816107927997991,-0.5121117336847822,0.4226295027418574,0.7307173670668098,-7.705023468008182
서울 강남구,할인점/슈퍼마켓/양판점,t_30~33,-0.03478071444069108,0.06449017385991629,0.589667420225749,18,-0.03418281720083405,60.10806142329114,0.11004941413520505,0.595092857245641,-0.14886238625711568,0.09594831144650007,0.804091936671476,-36.983931766719586
서울 강남구,할인점/슈퍼마켓/양판점,t_33~35,-0.021551546273621873,0.06206149595687027,0.7283951368329191,25,-0.021320971088071072,60.10806142329114,0.11004941413520505,0.595092857245641,-0.13341239980710085,0.10526926697172989,0.9474455906543714,-32.03905599414976
서울 강남구,할인점/슈퍼마켓/양판점,t_35+,-0.05830977402321785,0.0829910802851422,0.48230325217802206,18,-0.056642325532304305,60.10806142329114,0.11004941413520505,0.595092857245641,-0.1982611049408749,0.10999192812202341,0.9097842453338184,-61.28388688056838
서울 강남구,할인점/슈퍼마켓/양판점,r_0.1~10,-0.03688904528764858,0.01882998824341977,0.05010595629609163,34,-0.036216934310446036,60.10806142329114,0.11004941413520505,0.595092857245641,-0.07113867269809293,1.7731826661204764e-05,0.2561939618113346,-74.01561021125009
서울 강남구,할인점/슈퍼마켓/양판점,r_10~30,-0.07198533144280592,0.027589863440896083,0.009077475980520692,12,-0.06945545454301816,60.10806142329114,0.11004941413520505,0.595092857245641,-0.11843933893846248,-0.017749782485704912,0.06475804846451083,-50.09799273425209
서울 강남구,할인점/슈퍼마켓/양판점,r_30+,-0.29644176667337274,0.20664990110553427,0.1514262019778051,11,-0.25654107991032293,60.10806142329114,0.11004941413520505,0.595092857245641,-0.5041469036501565,0.11470750093075077,0.4542786059334153,-169.62205687731844
서울 강남구,할인점/슈퍼마켓/양판점,r30_lag1,0.07755403751384882,0.05471088293934034,0.15632952686068433,11,0.0806406260136181,60.10806142329114,0.11004941413520505,0.595092857245641,-0.029243187909697377,0.2029626246727525,0.5771497684707655,53.31866871803127
서울 강남구,헬스장,t_30~33,-0.09550745349481307,0.11598580485980421,0.4102573225626178,18,-0.09108841293937564,5.8786934350632905,0.010748736558499167,0.8810851372101156,-0.27591003337338094,0.1409083279275105,0.6939505868935324,-9.63865539282675
서울 강남구,헬스장,t_33~35,-0.028164467434480152,0.10465168752856241,0.7878328895417832,25,-0.027771546268152703,5.8786934350632905,0.010748736558499167,0.8810851372101156,-0.2080696040968979,0.1935748029571449,0.9642832370210617,-4.081510168203643
서울 강남구,헬스장,t_35+,-0.047771401559880744,0.11872578281954282,0.6874135528377312,18,-0.0466483031195728,5.8786934350632905,0.010748736558499167,0.8810851372101156,-0.2445743667146857,0.2031355806555193,0.9097842453338184,-4.936159319505751
서울 강남구,헬스장,r_0.1~10,-0.042039882009101914,0.039242609225799696,0.28404286714493043,34,-0.04116846031826493,5.8786934350632905,0.010748736558499167,0.8810851372101156,-0.11215259865712568,0.03549091893259204,0.549760388022446,-8.22856975175802
서울 강남구,헬스장,r_10~30,0.06583104170986033,0.06283192777431017,0.2947619505002369,12,0.06804624665280334,5.8786934350632905,0.010748736558499167,0.8810851372101156,-0.055707714913341144,0.20801874907243945,0.5895239010004738,4.800276281742389
서울 강남구,헬스장,r_30+,-0.24747707024013232,0.22378418083327048,0.2687811312882854,11,-0.21923187656874388,5.8786934350632905,0.010748736558499167,0.8810851372101156,-0.49646097615518914,0.21062883649359754,0.5140160639278862,-14.176766928954082
서울 강남구,헬스장,r30_lag1,-0.02518606864590172,0.10827215711315846,0.8160579339416085,11,-0.024871545684014063,5.8786934350632905,0.010748736558499167,0.8810851372101156,-0.21132384835752782,0.20566027061477699,0.9502805054478407,-1.608334115657392
서울 강남구,호텔/콘도,t_30~33,-0.05334428002406821,0.12498347174440186,0.669517230079422,18,-0.05194643961253298,5.07963859443038,0.00835498883384763,0.6396478055633732,-0.25793013654181607,0.2112141964299037,0.8394074056818769,-4.749644510983254
서울 강남구,호텔/콘도,t_33~35,-0.0786518591429855,0.14557378472667362,0.5889980057465845,25,-0.07563832349943289,5.07963859443038,0.00835498883384763,0.6396478055633732,-0.3050924592832919,0.2295801368073933,0.8593024310482957,-9.605383681643241
서울 강남구,호텔/콘도,t_35+,0.15339132744820744,0.16273189662474719,0.34588477987980726,18,0.16578109183200573,5.07963859443038,0.00835498883384763,0.6396478055633732,-0.15258368666982258,0.6037519371467432,0.8485991466509051,15.15794458133994
서울 강남구,호텔/콘도,r_0.1~10,0.047227060962633516,0.041259954775450136,0.25236568443358764,34,0.04836002369288561,5.07963859443038,0.00835498883384763,0.6396478055633732,-0.03308283631353415,0.13666276756023166,0.5407836095005449,8.352149054450278
서울 강남구,호텔/콘도,r_10~30,0.036595054784302986,0.07098025045170164,0.6061570603221703,12,0.03727289708329984,5.07963859443038,0.00835498883384763,0.6396478055633732,-0.09744553006796641,0.19209986639876098,0.7131259533202003,2.271994158606737
서울 강남구,호텔/콘도,r_30+,0.09004315418318021,0.13625941136584177,0.508726766819031,11,0.09422150292152653,5.07963859443038,0.00835498883384763,0.6396478055633732,-0.16224140441400092,0.42919535981404877,0.6494384257264225,5.26472300931963
서울 강남구,호텔/콘도,r30_lag1,0.11211473393991926,0.07927799268060857,0.15730394075211984,11,0.11864119939466167,5.07963859443038,0.00835498883384763,0.6396478055633732,-0.042347337231901094,0.30669310662810845,0.5771497684707655,6.62919856868097
서울 강남구,화장품,t_30~33,-0.09291329188934183,0.10303333544199161,0.3671743099250979,18,-0.08872748841159428,4.326134745443038,0.007621943314149996,0.8058295865387741,-0.2553631501835004,0.11519808693496736,0.6734143661679985,-6.909247268879264
서울 강남구,화장품,t_33~35,-0.013508146274227695,0.1216071347949731,0.9115527404167996,25,-0.013417320688057122,4.326134745443038,0.007621943314149996,0.8058295865387741,-0.22264498676505706,0.25212466189390104,0.9778705464257014,-1.45112843048389
서울 강남구,화장품,t_35+,0.01846405480657154,0.12772534444022945,0.8850577923219156,18,0.01863556945892242,4.326134745443038,0.007621943314149996,0.8058295865387741,-0.20695683024354194,0.3084009331869706,0.9400449924716084,1.451159721672505
서울 강남구,화장품,r_0.1~10,-0.043036764683048845,0.056813877849930375,0.44874770730872027,34,-0.042123826594245406,4.326134745443038,0.007621943314149996,0.8058295865387741,-0.1430639340011397,0.07070620549616535,0.6587305187495163,-6.195933894573005
서울 강남구,화장품,r_10~30,0.10439277361273111,0.0654867954663971,0.11091270550969927,12,0.11003636229580205,4.326134745443038,0.007621943314149996,0.8058295865387741,-0.023676551678118773,0.2620620018261235,0.35025064897799774,5.712385562280329
서울 강남구,화장품,r_30+,-0.15526202015087687,0.15984537155023512,0.331385794850762,11,-0.14380919115456814,4.326134745443038,0.007621943314149996,0.8058295865387741,-0.37409642193093706,0.1712070785933546,0.5373823700282627,-6.843517324246205
서울 강남구,화장품,r30_lag1,-0.05546323802015404,0.09142027053614184,0.5440604782413675,11,-0.05395319841536861,4.326134745443038,0.007621943314149996,0.8058295865387741,-0.2091500045065423,0.1316995079832619,0.7419006521473194,-2.5674968692175923
서울 강남구,회계/변리서비스,t_30~33,-0.0010025912480379137,0.16360593907998036,0.9951105254778208,18,-0.0010020888213561063,0.9321706456962026,0.0016669198510046676,0.5011899342319326,-0.27506278787607286,0.3766665717370945,0.9951105254778208,-0.016814120105672428
서울 강남구,회계/변리서비스,t_33~35,-0.007459874439006151,0.17003687893391106,0.9650063572796761,25,-0.0074321186368339065,0.9321706456962026,0.0016669198510046676,0.5011899342319326,-0.28875061424083615,0.38515550078430527,0.9778705464257014,-0.17320007071470608
서울 강남구,회계/변리서비스,t_35+,-0.10365908607884494,0.26979829294422464,0.700823125944672,18,-0.09846740995161618,0.9321706456962026,0.0016669198510046676,0.5011899342319326,-0.468718751756092,0.5298130954289086,0.9097842453338184,-1.6521917240633532
서울 강남구,회계/변리서비스,r_0.1~10,-0.06179535310793338,0.10905625004577724,0.5709605401922114,34,-0.05992474941456771,0.9321706456962026,0.0016669198510046676,0.5011899342319326,-0.24084218871907548,0.1641077304758667,0.719207818900602,-1.8992431400686645
서울 강남구,회계/변리서비스,r_10~30,-0.09386965385628913,0.13393340224631473,0.48338531203167234,12,-0.08959857817824712,0.9321706456962026,0.0016669198510046676,0.5011899342319326,-0.29979289419254995,0.18369371287555802,0.6915331695886506,-1.0022539736865397
서울 강남구,회계/변리서비스,r_30+,0.08381328304822494,0.1910865496041396,0.6609410721117079,11,0.08742583401505444,0.9321706456962026,0.0016669198510046676,0.5011899342319326,-0.25227226220786847,0.5814512217708723,0.7750237393867928,0.8964537575877656
서울 강남구,회계/변리서비스,r30_lag1,-0.13877441582275257,0.13940166590896047,0.3194929440737161,11,-0.1295756397240878,0.9321706456962026,0.0016669198510046676,0.5011899342319326,-0.337676837316908,0.14391072160682605,0.6528579528159035,-1.3286526852291158
